timeStamp,elapsed,label,responseCode,responseMessage,threadName,dataType,success,failureMessage,bytes,sentBytes,grpThreads,allThreads,URL,Latency,IdleTime,Connect
1784784071379,2712,HTTP Request easycal,200,OK,NON GUI TestCases using csv fies 1-3,text,true,,58970,272,10,10,https://www.easycalculation.com/faq/index.php,617,0,299
1784784071379,617,HTTP Request easycal-0,301,Moved Permanently,NON GUI TestCases using csv fies 1-3,text,true,,375,134,10,10,http://easycalculation.com/faq/index.php,617,0,299
1784784071996,2095,HTTP Request easycal-1,200,OK,NON GUI TestCases using csv fies 1-3,text,true,,58595,138,10,10,https://www.easycalculation.com/faq/index.php,1740,0,1051
1784784071578,2525,HTTP Request easycal,200,OK,NON GUI TestCases using csv fies 1-4,text,true,,58970,272,10,10,https://www.easycalculation.com/faq/index.php,599,0,304
1784784071578,599,HTTP Request easycal-0,301,Moved Permanently,NON GUI TestCases using csv fies 1-4,text,true,,375,134,10,10,http://easycalculation.com/faq/index.php,599,0,304
1784784072178,1925,HTTP Request easycal-1,200,OK,NON GUI TestCases using csv fies 1-4,text,true,,58595,138,10,10,https://www.easycalculation.com/faq/index.php,1577,0,869
1784784071071,3036,HTTP Request easycal,200,OK,NON GUI TestCases using csv fies 1-1,text,true,,58970,272,10,10,https://www.easycalculation.com/faq/index.php,905,0,582
1784784071071,910,HTTP Request easycal-0,301,Moved Permanently,NON GUI TestCases using csv fies 1-1,text,true,,375,134,10,10,http://easycalculation.com/faq/index.php,905,0,582
1784784071984,2123,HTTP Request easycal-1,200,OK,NON GUI TestCases using csv fies 1-1,text,true,,58595,138,10,10,https://www.easycalculation.com/faq/index.php,1771,0,1063
1784784071777,2330,HTTP Request easycal,200,OK,NON GUI TestCases using csv fies 1-5,text,true,,58970,272,10,10,https://www.easycalculation.com/faq/index.php,591,0,309
1784784071777,591,HTTP Request easycal-0,301,Moved Permanently,NON GUI TestCases using csv fies 1-5,text,true,,375,134,10,10,http://easycalculation.com/faq/index.php,591,0,309
1784784072368,1739,HTTP Request easycal-1,200,OK,NON GUI TestCases using csv fies 1-5,text,true,,58595,138,10,10,https://www.easycalculation.com/faq/index.php,1389,0,679
1784784071977,2412,HTTP Request easycal,200,OK,NON GUI TestCases using csv fies 1-6,text,true,,58970,272,10,10,https://www.easycalculation.com/faq/index.php,613,0,289
1784784071977,613,HTTP Request easycal-0,301,Moved Permanently,NON GUI TestCases using csv fies 1-6,text,true,,375,134,10,10,http://easycalculation.com/faq/index.php,613,0,289
1784784072590,1799,HTTP Request easycal-1,200,OK,NON GUI TestCases using csv fies 1-6,text,true,,58595,138,10,10,https://www.easycalculation.com/faq/index.php,1458,0,694
1784784071180,3259,HTTP Request easycal,200,OK,NON GUI TestCases using csv fies 1-2,text,true,,58970,272,10,10,https://www.easycalculation.com/faq/index.php,797,0,478
1784784071180,802,HTTP Request easycal-0,301,Moved Permanently,NON GUI TestCases using csv fies 1-2,text,true,,375,134,10,10,http://easycalculation.com/faq/index.php,797,0,478
1784784071984,2455,HTTP Request easycal-1,200,OK,NON GUI TestCases using csv fies 1-2,text,true,,58595,138,10,10,https://www.easycalculation.com/faq/index.php,2038,0,1063
1784784072576,2159,HTTP Request easycal,200,OK,NON GUI TestCases using csv fies 1-9,text,true,,58970,272,10,10,https://www.easycalculation.com/faq/index.php,669,0,346
1784784072576,669,HTTP Request easycal-0,301,Moved Permanently,NON GUI TestCases using csv fies 1-9,text,true,,375,134,10,10,http://easycalculation.com/faq/index.php,669,0,346
1784784073246,1489,HTTP Request easycal-1,200,OK,NON GUI TestCases using csv fies 1-9,text,true,,58595,138,10,10,https://www.easycalculation.com/faq/index.php,1144,0,832
1784784072177,2579,HTTP Request easycal,200,OK,NON GUI TestCases using csv fies 1-7,text,true,,58970,272,10,10,https://www.easycalculation.com/faq/index.php,590,0,295
1784784072177,590,HTTP Request easycal-0,301,Moved Permanently,NON GUI TestCases using csv fies 1-7,text,true,,375,134,10,10,http://easycalculation.com/faq/index.php,590,0,295
1784784072768,1988,HTTP Request easycal-1,200,OK,NON GUI TestCases using csv fies 1-7,text,true,,58595,138,10,10,https://www.easycalculation.com/faq/index.php,1622,0,970
1784784072377,2382,HTTP Request easycal,200,OK,NON GUI TestCases using csv fies 1-8,text,true,,58970,272,10,10,https://www.easycalculation.com/faq/index.php,580,0,282
1784784072377,580,HTTP Request easycal-0,301,Moved Permanently,NON GUI TestCases using csv fies 1-8,text,true,,375,134,10,10,http://easycalculation.com/faq/index.php,580,0,282
1784784072957,1802,HTTP Request easycal-1,200,OK,NON GUI TestCases using csv fies 1-8,text,true,,58595,138,10,10,https://www.easycalculation.com/faq/index.php,1455,0,800
1784784072777,2282,HTTP Request easycal,200,OK,NON GUI TestCases using csv fies 1-10,text,true,,58970,272,10,10,https://www.easycalculation.com/faq/index.php,596,0,286
1784784072777,596,HTTP Request easycal-0,301,Moved Permanently,NON GUI TestCases using csv fies 1-10,text,true,,375,134,10,10,http://easycalculation.com/faq/index.php,596,0,286
1784784073374,1685,HTTP Request easycal-1,200,OK,NON GUI TestCases using csv fies 1-10,text,true,,58595,138,10,10,https://www.easycalculation.com/faq/index.php,1058,0,737
1784784074095,11951,HTTP Request practiceautomation,200,OK,NON GUI TestCases using csv fies 1-3,text,true,,123415,296,10,10,https://practicetestautomation.com/practice-test-login/,362,0,225
1784784074095,363,HTTP Request practiceautomation-0,301,Moved Permanently,NON GUI TestCases using csv fies 1-3,text,true,,1393,148,10,10,http://practicetestautomation.com/practice-test-login/,362,0,225
1784784074459,11587,HTTP Request practiceautomation-1,200,OK,NON GUI TestCases using csv fies 1-3,text,true,,122022,148,10,10,https://practicetestautomation.com/practice-test-login/,11392,0,298
1784784086047,811,HTTP Request PA3,429,Too Many Requests,NON GUI TestCases using csv fies 1-3,text,false,,2882,274,10,10,https://practicetestautomation.com/practice/,111,0,0
1784784086047,115,HTTP Request PA3-0,301,Moved Permanently,NON GUI TestCases using csv fies 1-3,text,true,,1377,137,10,10,http://practicetestautomation.com/practice/,111,0,0
1784784086162,696,HTTP Request PA3-1,429,Too Many Requests,NON GUI TestCases using csv fies 1-3,text,false,,1505,137,10,10,https://practicetestautomation.com/practice/,696,0,0
1784784086860,424,HTTP Request PA2,429,Too Many Requests,NON GUI TestCases using csv fies 1-3,text,false,,2871,272,10,10,https://practicetestautomation.com/courses/,111,0,0
1784784086860,115,HTTP Request PA2-0,301,Moved Permanently,NON GUI TestCases using csv fies 1-3,text,true,,1372,136,10,10,http://practicetestautomation.com/courses/,111,0,0
1784784086976,308,HTTP Request PA2-1,429,Too Many Requests,NON GUI TestCases using csv fies 1-3,text,false,,1499,136,10,10,https://practicetestautomation.com/courses/,307,0,0
1784784087284,0,,Non HTTP response code: java.net.MalformedURLException,Non HTTP response message: Illegal character found in host: '/',NON GUI TestCases using csv fies 1-3,text,false,,875,0,10,10,null,0,0,0
1784784087286,970, HTTP Request EC2,200,OK,NON GUI TestCases using csv fies 1-3,text,true,,24641,296,10,10,https://www.easycalculation.com/unit-conversion/index.php,304,0,0
1784784087286,304, HTTP Request EC2-0,301,Moved Permanently,NON GUI TestCases using csv fies 1-3,text,true,,387,146,10,10,http://easycalculation.com/unit-conversion/index.php,304,0,0
1784784087590,666, HTTP Request EC2-1,200,OK,NON GUI TestCases using csv fies 1-3,text,true,,24254,150,10,10,https://www.easycalculation.com/unit-conversion/index.php,624,0,0
1784784074108,14219,HTTP Request practiceautomation,200,OK,NON GUI TestCases using csv fies 1-5,text,true,,123410,296,10,10,https://practicetestautomation.com/practice-test-login/,352,0,212
1784784074108,357,HTTP Request practiceautomation-0,301,Moved Permanently,NON GUI TestCases using csv fies 1-5,text,true,,1386,148,10,10,http://practicetestautomation.com/practice-test-login/,352,0,212
1784784074466,13861,HTTP Request practiceautomation-1,200,OK,NON GUI TestCases using csv fies 1-5,text,true,,122024,148,10,10,https://practicetestautomation.com/practice-test-login/,13610,0,297
1784784088257,622,HTTP Request EC3,200,OK,NON GUI TestCases using csv fies 1-3,text,true,,20179,302,10,10,https://www.easycalculation.com/currency-converter/index.php,288,0,0
1784784088257,288,HTTP Request EC3-0,301,Moved Permanently,NON GUI TestCases using csv fies 1-3,text,true,,390,149,10,10,http://easycalculation.com/currency-converter/index.php,288,0,0
1784784088545,334,HTTP Request EC3-1,200,OK,NON GUI TestCases using csv fies 1-3,text,true,,19789,153,10,10,https://www.easycalculation.com/currency-converter/index.php,334,0,0
1784784074104,15842,HTTP Request practiceautomation,200,OK,NON GUI TestCases using csv fies 1-4,text,true,,123424,296,10,10,https://practicetestautomation.com/practice-test-login/,361,0,216
1784784074104,361,HTTP Request practiceautomation-0,301,Moved Permanently,NON GUI TestCases using csv fies 1-4,text,true,,1394,148,10,10,http://practicetestautomation.com/practice-test-login/,361,0,216
1784784074466,15480,HTTP Request practiceautomation-1,200,OK,NON GUI TestCases using csv fies 1-4,text,true,,122030,148,10,10,https://practicetestautomation.com/practice-test-login/,14608,0,297
1784784074391,15662,HTTP Request practiceautomation,200,OK,NON GUI TestCases using csv fies 1-6,text,true,,123260,296,10,10,https://practicetestautomation.com/practice-test-login/,324,0,110
1784784074391,324,HTTP Request practiceautomation-0,301,Moved Permanently,NON GUI TestCases using csv fies 1-6,text,true,,1236,148,10,10,http://practicetestautomation.com/practice-test-login/,324,0,110
1784784074715,15338,HTTP Request practiceautomation-1,200,OK,NON GUI TestCases using csv fies 1-6,text,true,,122024,148,10,10,https://practicetestautomation.com/practice-test-login/,14496,0,263
1784784088879,1185,HTTP Request EC4,200,OK,NON GUI TestCases using csv fies 1-3,text,true,,21848,270,10,10,https://www.easycalculation.com/examples.php,673,0,0
1784784088879,673,HTTP Request EC4-0,301,Moved Permanently,NON GUI TestCases using csv fies 1-3,text,true,,374,133,10,10,http://easycalculation.com/examples.php,673,0,0
1784784089552,512,HTTP Request EC4-1,200,OK,NON GUI TestCases using csv fies 1-3,text,true,,21474,137,10,10,https://www.easycalculation.com/examples.php,512,0,0
1784784074108,16161,HTTP Request practiceautomation,200,OK,NON GUI TestCases using csv fies 1-1,text,true,,123406,296,10,10,https://practicetestautomation.com/practice-test-login/,352,0,212
1784784074108,352,HTTP Request practiceautomation-0,301,Moved Permanently,NON GUI TestCases using csv fies 1-1,text,true,,1385,148,10,10,http://practicetestautomation.com/practice-test-login/,352,0,212
1784784074461,15808,HTTP Request practiceautomation-1,200,OK,NON GUI TestCases using csv fies 1-1,text,true,,122021,148,10,10,https://practicetestautomation.com/practice-test-login/,14695,0,297
1784784074439,15950,HTTP Request practiceautomation,200,OK,NON GUI TestCases using csv fies 1-2,text,true,,123413,296,10,10,https://practicetestautomation.com/practice-test-login/,275,0,96
1784784074439,275,HTTP Request practiceautomation-0,301,Moved Permanently,NON GUI TestCases using csv fies 1-2,text,true,,1389,148,10,10,http://practicetestautomation.com/practice-test-login/,275,0,96
1784784074715,15674,HTTP Request practiceautomation-1,200,OK,NON GUI TestCases using csv fies 1-2,text,true,,122024,148,10,10,https://practicetestautomation.com/practice-test-login/,14558,0,246
1784784074736,15848,HTTP Request practiceautomation,200,OK,NON GUI TestCases using csv fies 1-9,text,true,,123415,296,10,10,https://practicetestautomation.com/practice-test-login/,232,0,102
1784784074763,15824,HTTP Request practiceautomation,200,OK,NON GUI TestCases using csv fies 1-8,text,true,,123415,296,10,10,https://practicetestautomation.com/practice-test-login/,267,0,122
1784784074763,267,HTTP Request practiceautomation-0,301,Moved Permanently,NON GUI TestCases using csv fies 1-8,text,true,,1389,148,10,10,http://practicetestautomation.com/practice-test-login/,267,0,122
1784784075031,15556,HTTP Request practiceautomation-1,200,OK,NON GUI TestCases using csv fies 1-8,text,true,,122026,148,10,10,https://practicetestautomation.com/practice-test-login/,15241,0,240
1784784074736,232,HTTP Request practiceautomation-0,301,Moved Permanently,NON GUI TestCases using csv fies 1-9,text,true,,1387,148,10,10,http://practicetestautomation.com/practice-test-login/,232,0,102
1784784074968,15616,HTTP Request practiceautomation-1,200,OK,NON GUI TestCases using csv fies 1-9,text,true,,122028,148,10,10,https://practicetestautomation.com/practice-test-login/,15344,0,284
1784784074758,15832,HTTP Request practiceautomation,200,OK,NON GUI TestCases using csv fies 1-7,text,true,,123421,296,10,10,https://practicetestautomation.com/practice-test-login/,272,0,138
1784784074758,272,HTTP Request practiceautomation-0,301,Moved Permanently,NON GUI TestCases using csv fies 1-7,text,true,,1386,148,10,10,http://practicetestautomation.com/practice-test-login/,272,0,138
1784784075033,15557,HTTP Request practiceautomation-1,200,OK,NON GUI TestCases using csv fies 1-7,text,true,,122035,148,10,10,https://practicetestautomation.com/practice-test-login/,15021,0,280
1784784090065,720,HTTP RequestEC5,200,OK,NON GUI TestCases using csv fies 1-3,text,true,,31978,288,10,10,https://www.easycalculation.com/charts-and-tables.php,387,0,0
1784784090065,387,HTTP RequestEC5-0,301,Moved Permanently,NON GUI TestCases using csv fies 1-3,text,true,,383,142,10,10,http://easycalculation.com/charts-and-tables.php,387,0,0
1784784090453,332,HTTP RequestEC5-1,200,OK,NON GUI TestCases using csv fies 1-3,text,true,,31595,146,10,10,https://www.easycalculation.com/charts-and-tables.php,329,0,0
1784784075060,15956,HTTP Request practiceautomation,200,OK,NON GUI TestCases using csv fies 1-10,text,true,,123419,296,10,10,https://practicetestautomation.com/practice-test-login/,391,0,135
1784784075060,391,HTTP Request practiceautomation-0,301,Moved Permanently,NON GUI TestCases using csv fies 1-10,text,true,,1391,148,10,10,http://practicetestautomation.com/practice-test-login/,391,0,135
1784784075451,15565,HTTP Request practiceautomation-1,200,OK,NON GUI TestCases using csv fies 1-10,text,true,,122028,148,10,10,https://practicetestautomation.com/practice-test-login/,15398,0,245
1784784090785,651,HTTP Request EC6,200,OK,NON GUI TestCases using csv fies 1-3,text,true,,23541,282,10,10,https://www.easycalculation.com/formulas/index.php,290,0,0
1784784090785,290,HTTP Request EC6-0,301,Moved Permanently,NON GUI TestCases using csv fies 1-3,text,true,,380,139,10,10,http://easycalculation.com/formulas/index.php,290,0,0
1784784091075,361,HTTP Request EC6-1,200,OK,NON GUI TestCases using csv fies 1-3,text,true,,23161,143,10,10,https://www.easycalculation.com/formulas/index.php,357,0,0
1784784091437,659,HTTP Request easycal,200,OK,NON GUI TestCases using csv fies 1-3,text,true,,58970,272,10,10,https://www.easycalculation.com/faq/index.php,295,0,0
1784784091437,296,HTTP Request easycal-0,301,Moved Permanently,NON GUI TestCases using csv fies 1-3,text,true,,375,134,10,10,http://easycalculation.com/faq/index.php,295,0,0
1784784091733,363,HTTP Request easycal-1,200,OK,NON GUI TestCases using csv fies 1-3,text,true,,58595,138,10,10,https://www.easycalculation.com/faq/index.php,339,0,0
1784784088328,14263,HTTP Request PA3,200,OK,NON GUI TestCases using csv fies 1-5,text,true,,125204,274,10,10,https://practicetestautomation.com/practice/,132,0,0
1784784088328,152,HTTP Request PA3-0,301,Moved Permanently,NON GUI TestCases using csv fies 1-5,text,true,,1381,137,10,10,http://practicetestautomation.com/practice/,132,0,0
1784784088480,14111,HTTP Request PA3-1,200,OK,NON GUI TestCases using csv fies 1-5,text,true,,123823,137,10,10,https://practicetestautomation.com/practice/,13587,0,0
1784784102593,671,HTTP Request PA2,429,Too Many Requests,NON GUI TestCases using csv fies 1-5,text,false,,2875,272,10,10,https://practicetestautomation.com/courses/,283,0,0
1784784102593,283,HTTP Request PA2-0,301,Moved Permanently,NON GUI TestCases using csv fies 1-5,text,true,,1380,136,10,10,http://practicetestautomation.com/courses/,283,0,0
1784784102876,388,HTTP Request PA2-1,429,Too Many Requests,NON GUI TestCases using csv fies 1-5,text,false,,1495,136,10,10,https://practicetestautomation.com/courses/,388,0,0
1784784103266,0,,Non HTTP response code: java.net.MalformedURLException,Non HTTP response message: Illegal character found in host: '/',NON GUI TestCases using csv fies 1-5,text,false,,875,0,10,10,null,0,0,0
1784784089946,14127,HTTP Request PA3,200,OK,NON GUI TestCases using csv fies 1-4,text,true,,125206,274,10,10,https://practicetestautomation.com/practice/,324,0,0
1784784089946,325,HTTP Request PA3-0,301,Moved Permanently,NON GUI TestCases using csv fies 1-4,text,true,,1377,137,10,10,http://practicetestautomation.com/practice/,324,0,0
1784784090271,13802,HTTP Request PA3-1,200,OK,NON GUI TestCases using csv fies 1-4,text,true,,123829,137,10,10,https://practicetestautomation.com/practice/,13631,0,0
1784784103268,884, HTTP Request EC2,200,OK,NON GUI TestCases using csv fies 1-5,text,true,,24641,296,10,10,https://www.easycalculation.com/unit-conversion/index.php,284,0,0
1784784103268,284, HTTP Request EC2-0,301,Moved Permanently,NON GUI TestCases using csv fies 1-5,text,true,,387,146,10,10,http://easycalculation.com/unit-conversion/index.php,284,0,0
1784784103552,600, HTTP Request EC2-1,200,OK,NON GUI TestCases using csv fies 1-5,text,true,,24254,150,10,10,https://www.easycalculation.com/unit-conversion/index.php,592,0,0
1784784104074,521,HTTP Request PA2,429,Too Many Requests,NON GUI TestCases using csv fies 1-4,text,false,,2873,272,10,10,https://practicetestautomation.com/courses/,137,0,0
1784784104074,137,HTTP Request PA2-0,301,Moved Permanently,NON GUI TestCases using csv fies 1-4,text,true,,1378,136,10,10,http://practicetestautomation.com/courses/,137,0,0
1784784104212,383,HTTP Request PA2-1,429,Too Many Requests,NON GUI TestCases using csv fies 1-4,text,false,,1495,136,10,10,https://practicetestautomation.com/courses/,383,0,0
1784784104595,0,,Non HTTP response code: java.net.MalformedURLException,Non HTTP response message: Illegal character found in host: '/',NON GUI TestCases using csv fies 1-4,text,false,,875,0,10,10,null,0,0,0
1784784104153,685,HTTP Request EC3,200,OK,NON GUI TestCases using csv fies 1-5,text,true,,20179,302,10,10,https://www.easycalculation.com/currency-converter/index.php,300,0,0
1784784104153,300,HTTP Request EC3-0,301,Moved Permanently,NON GUI TestCases using csv fies 1-5,text,true,,390,149,10,10,http://easycalculation.com/currency-converter/index.php,300,0,0
1784784104454,384,HTTP Request EC3-1,200,OK,NON GUI TestCases using csv fies 1-5,text,true,,19789,153,10,10,https://www.easycalculation.com/currency-converter/index.php,384,0,0
1784784090270,14913,HTTP Request PA3,200,OK,NON GUI TestCases using csv fies 1-1,text,true,,125192,274,10,10,https://practicetestautomation.com/practice/,183,0,0
1784784090270,183,HTTP Request PA3-0,301,Moved Permanently,NON GUI TestCases using csv fies 1-1,text,true,,1377,137,10,10,http://practicetestautomation.com/practice/,183,0,0
1784784090453,14730,HTTP Request PA3-1,200,OK,NON GUI TestCases using csv fies 1-1,text,true,,123815,137,10,10,https://practicetestautomation.com/practice/,14417,0,0
1784784090390,14908,HTTP Request PA3,200,OK,NON GUI TestCases using csv fies 1-2,text,true,,125206,274,10,10,https://practicetestautomation.com/practice/,192,0,0
1784784090390,193,HTTP Request PA3-0,301,Moved Permanently,NON GUI TestCases using csv fies 1-2,text,true,,1387,137,10,10,http://practicetestautomation.com/practice/,192,0,0
1784784090583,14715,HTTP Request PA3-1,200,OK,NON GUI TestCases using csv fies 1-2,text,true,,123819,137,10,10,https://practicetestautomation.com/practice/,14421,0,0
1784784104838,771,HTTP Request EC4,200,OK,NON GUI TestCases using csv fies 1-5,text,true,,21848,270,10,10,https://www.easycalculation.com/examples.php,381,0,0
1784784104596,1013, HTTP Request EC2,200,OK,NON GUI TestCases using csv fies 1-4,text,true,,24641,296,10,10,https://www.easycalculation.com/unit-conversion/index.php,407,0,0
1784784104838,382,HTTP Request EC4-0,301,Moved Permanently,NON GUI TestCases using csv fies 1-5,text,true,,374,133,10,10,http://easycalculation.com/examples.php,381,0,0
1784784104596,407, HTTP Request EC2-0,301,Moved Permanently,NON GUI TestCases using csv fies 1-4,text,true,,387,146,10,10,http://easycalculation.com/unit-conversion/index.php,407,0,0
1784784105220,389,HTTP Request EC4-1,200,OK,NON GUI TestCases using csv fies 1-5,text,true,,21474,137,10,10,https://www.easycalculation.com/examples.php,389,0,0
1784784105004,605, HTTP Request EC2-1,200,OK,NON GUI TestCases using csv fies 1-4,text,true,,24254,150,10,10,https://www.easycalculation.com/unit-conversion/index.php,605,0,0
1784784105299,454,HTTP Request PA2,429,Too Many Requests,NON GUI TestCases using csv fies 1-2,text,false,,2871,272,10,10,https://practicetestautomation.com/courses/,117,0,0
1784784105299,117,HTTP Request PA2-0,301,Moved Permanently,NON GUI TestCases using csv fies 1-2,text,true,,1374,136,10,10,http://practicetestautomation.com/courses/,117,0,0
1784784105416,337,HTTP Request PA2-1,429,Too Many Requests,NON GUI TestCases using csv fies 1-2,text,false,,1497,136,10,10,https://practicetestautomation.com/courses/,336,0,0
1784784105754,0,,Non HTTP response code: java.net.MalformedURLException,Non HTTP response message: Illegal character found in host: '/',NON GUI TestCases using csv fies 1-2,text,false,,875,0,10,10,null,0,0,0
1784784091017,15182,HTTP Request PA3,200,OK,NON GUI TestCases using csv fies 1-10,text,true,,125202,274,10,10,https://practicetestautomation.com/practice/,127,0,0
1784784091017,127,HTTP Request PA3-0,301,Moved Permanently,NON GUI TestCases using csv fies 1-10,text,true,,1377,137,10,10,http://practicetestautomation.com/practice/,127,0,0
1784784091145,15054,HTTP Request PA3-1,200,OK,NON GUI TestCases using csv fies 1-10,text,true,,123825,137,10,10,https://practicetestautomation.com/practice/,14831,0,0
1784784090591,15667,HTTP Request PA3,200,OK,NON GUI TestCases using csv fies 1-7,text,true,,125208,274,10,10,https://practicetestautomation.com/practice/,140,0,0
1784784090591,140,HTTP Request PA3-0,301,Moved Permanently,NON GUI TestCases using csv fies 1-7,text,true,,1383,137,10,10,http://practicetestautomation.com/practice/,140,0,0
1784784090731,15527,HTTP Request PA3-1,200,OK,NON GUI TestCases using csv fies 1-7,text,true,,123825,137,10,10,https://practicetestautomation.com/practice/,15122,0,0
1784784090592,15788,HTTP Request PA3,200,OK,NON GUI TestCases using csv fies 1-9,text,true,,125194,274,10,10,https://practicetestautomation.com/practice/,114,0,0
1784784090592,115,HTTP Request PA3-0,301,Moved Permanently,NON GUI TestCases using csv fies 1-9,text,true,,1377,137,10,10,http://practicetestautomation.com/practice/,114,0,0
1784784090708,15672,HTTP Request PA3-1,200,OK,NON GUI TestCases using csv fies 1-9,text,true,,123817,137,10,10,https://practicetestautomation.com/practice/,15473,0,0
1784784090588,16044,HTTP Request PA3,200,OK,NON GUI TestCases using csv fies 1-8,text,true,,125192,274,10,10,https://practicetestautomation.com/practice/,126,0,0
1784784090588,126,HTTP Request PA3-0,301,Moved Permanently,NON GUI TestCases using csv fies 1-8,text,true,,1373,137,10,10,http://practicetestautomation.com/practice/,126,0,0
1784784090714,15918,HTTP Request PA3-1,200,OK,NON GUI TestCases using csv fies 1-8,text,true,,123819,137,10,10,https://practicetestautomation.com/practice/,15463,0,0
1784784105611,1102,HTTP Request EC3,200,OK,NON GUI TestCases using csv fies 1-4,text,true,,20179,302,10,10,https://www.easycalculation.com/currency-converter/index.php,436,0,0
1784784105611,436,HTTP Request EC3-0,301,Moved Permanently,NON GUI TestCases using csv fies 1-4,text,true,,390,149,10,10,http://easycalculation.com/currency-converter/index.php,436,0,0
1784784106048,665,HTTP Request EC3-1,200,OK,NON GUI TestCases using csv fies 1-4,text,true,,19789,153,10,10,https://www.easycalculation.com/currency-converter/index.php,663,0,0
1784784105610,1105,HTTP RequestEC5,200,OK,NON GUI TestCases using csv fies 1-5,text,true,,31978,288,10,10,https://www.easycalculation.com/charts-and-tables.php,366,0,0
1784784105610,366,HTTP RequestEC5-0,301,Moved Permanently,NON GUI TestCases using csv fies 1-5,text,true,,383,142,10,10,http://easycalculation.com/charts-and-tables.php,366,0,0
1784784105977,738,HTTP RequestEC5-1,200,OK,NON GUI TestCases using csv fies 1-5,text,true,,31595,146,10,10,https://www.easycalculation.com/charts-and-tables.php,439,0,0
1784784105757,1100, HTTP Request EC2,200,OK,NON GUI TestCases using csv fies 1-2,text,true,,24641,296,10,10,https://www.easycalculation.com/unit-conversion/index.php,423,0,0
1784784105757,424, HTTP Request EC2-0,301,Moved Permanently,NON GUI TestCases using csv fies 1-2,text,true,,387,146,10,10,http://easycalculation.com/unit-conversion/index.php,423,0,0
1784784106181,676, HTTP Request EC2-1,200,OK,NON GUI TestCases using csv fies 1-2,text,true,,24254,150,10,10,https://www.easycalculation.com/unit-conversion/index.php,676,0,0
1784784092096,15056,HTTP Request practiceautomation,200,OK,NON GUI TestCases using csv fies 1-3,text,true,,123422,296,10,10,https://practicetestautomation.com/practice-test-login/,123,0,0
1784784092096,125,HTTP Request practiceautomation-0,301,Moved Permanently,NON GUI TestCases using csv fies 1-3,text,true,,1392,148,10,10,http://practicetestautomation.com/practice-test-login/,123,0,0
1784784092221,14931,HTTP Request practiceautomation-1,200,OK,NON GUI TestCases using csv fies 1-3,text,true,,122030,148,10,10,https://practicetestautomation.com/practice-test-login/,14836,0,0
1784784106716,753,HTTP Request EC6,200,OK,NON GUI TestCases using csv fies 1-5,text,true,,23541,282,10,10,https://www.easycalculation.com/formulas/index.php,340,0,0
1784784106716,340,HTTP Request EC6-0,301,Moved Permanently,NON GUI TestCases using csv fies 1-5,text,true,,380,139,10,10,http://easycalculation.com/formulas/index.php,340,0,0
1784784106858,611,HTTP Request EC3,200,OK,NON GUI TestCases using csv fies 1-2,text,true,,20179,302,10,10,https://www.easycalculation.com/currency-converter/index.php,297,0,0
1784784106858,297,HTTP Request EC3-0,301,Moved Permanently,NON GUI TestCases using csv fies 1-2,text,true,,390,149,10,10,http://easycalculation.com/currency-converter/index.php,297,0,0
1784784107057,412,HTTP Request EC6-1,200,OK,NON GUI TestCases using csv fies 1-5,text,true,,23161,143,10,10,https://www.easycalculation.com/formulas/index.php,411,0,0
1784784107155,314,HTTP Request EC3-1,200,OK,NON GUI TestCases using csv fies 1-2,text,true,,19789,153,10,10,https://www.easycalculation.com/currency-converter/index.php,313,0,0
1784784107153,532,HTTP Request PA3,429,Too Many Requests,NON GUI TestCases using csv fies 1-3,text,false,,2888,274,10,10,https://practicetestautomation.com/practice/,190,0,0
1784784107153,194,HTTP Request PA3-0,301,Moved Permanently,NON GUI TestCases using csv fies 1-3,text,true,,1393,137,10,10,http://practicetestautomation.com/practice/,190,0,0
1784784107347,338,HTTP Request PA3-1,429,Too Many Requests,NON GUI TestCases using csv fies 1-3,text,false,,1495,137,10,10,https://practicetestautomation.com/practice/,338,0,0
1784784106714,1045,HTTP Request EC4,200,OK,NON GUI TestCases using csv fies 1-4,text,true,,21848,270,10,10,https://www.easycalculation.com/examples.php,342,0,0
1784784106714,342,HTTP Request EC4-0,301,Moved Permanently,NON GUI TestCases using csv fies 1-4,text,true,,374,133,10,10,http://easycalculation.com/examples.php,342,0,0
1784784107057,702,HTTP Request EC4-1,200,OK,NON GUI TestCases using csv fies 1-4,text,true,,21474,137,10,10,https://www.easycalculation.com/examples.php,411,0,0
1784784107686,506,HTTP Request PA2,429,Too Many Requests,NON GUI TestCases using csv fies 1-3,text,false,,2879,272,10,10,https://practicetestautomation.com/courses/,125,0,0
1784784107686,126,HTTP Request PA2-0,301,Moved Permanently,NON GUI TestCases using csv fies 1-3,text,true,,1374,136,10,10,http://practicetestautomation.com/courses/,125,0,0
1784784107812,380,HTTP Request PA2-1,429,Too Many Requests,NON GUI TestCases using csv fies 1-3,text,false,,1505,136,10,10,https://practicetestautomation.com/courses/,380,0,0
1784784107470,723,HTTP Request EC4,200,OK,NON GUI TestCases using csv fies 1-2,text,true,,21848,270,10,10,https://www.easycalculation.com/examples.php,312,0,0
1784784107470,313,HTTP Request EC4-0,301,Moved Permanently,NON GUI TestCases using csv fies 1-2,text,true,,374,133,10,10,http://easycalculation.com/examples.php,312,0,0
1784784107783,410,HTTP Request EC4-1,200,OK,NON GUI TestCases using csv fies 1-2,text,true,,21474,137,10,10,https://www.easycalculation.com/examples.php,410,0,0
1784784108193,0,,Non HTTP response code: java.net.MalformedURLException,Non HTTP response message: Illegal character found in host: '/',NON GUI TestCases using csv fies 1-3,text,false,,875,0,10,10,null,0,0,0
1784784107470,1209,HTTP Request easycal,200,OK,NON GUI TestCases using csv fies 1-5,text,true,,58970,272,10,10,https://www.easycalculation.com/faq/index.php,310,0,0
1784784107470,310,HTTP Request easycal-0,301,Moved Permanently,NON GUI TestCases using csv fies 1-5,text,true,,375,134,10,10,http://easycalculation.com/faq/index.php,310,0,0
1784784107781,898,HTTP Request easycal-1,200,OK,NON GUI TestCases using csv fies 1-5,text,true,,58595,138,10,10,https://www.easycalculation.com/faq/index.php,411,0,0
1784784107760,1316,HTTP RequestEC5,200,OK,NON GUI TestCases using csv fies 1-4,text,true,,31978,288,10,10,https://www.easycalculation.com/charts-and-tables.php,432,0,0
1784784107760,432,HTTP RequestEC5-0,301,Moved Permanently,NON GUI TestCases using csv fies 1-4,text,true,,383,142,10,10,http://easycalculation.com/charts-and-tables.php,432,0,0
1784784108192,884,HTTP RequestEC5-1,200,OK,NON GUI TestCases using csv fies 1-4,text,true,,31595,146,10,10,https://www.easycalculation.com/charts-and-tables.php,485,0,0
1784784108194,1362, HTTP Request EC2,200,OK,NON GUI TestCases using csv fies 1-3,text,true,,24641,296,10,10,https://www.easycalculation.com/unit-conversion/index.php,482,0,0
1784784108194,483, HTTP Request EC2-0,301,Moved Permanently,NON GUI TestCases using csv fies 1-3,text,true,,387,146,10,10,http://easycalculation.com/unit-conversion/index.php,482,0,0
1784784108677,879, HTTP Request EC2-1,200,OK,NON GUI TestCases using csv fies 1-3,text,true,,24254,150,10,10,https://www.easycalculation.com/unit-conversion/index.php,874,0,0
1784784108194,1363,HTTP RequestEC5,200,OK,NON GUI TestCases using csv fies 1-2,text,true,,31978,288,10,10,https://www.easycalculation.com/charts-and-tables.php,482,0,0
1784784108194,483,HTTP RequestEC5-0,301,Moved Permanently,NON GUI TestCases using csv fies 1-2,text,true,,383,142,10,10,http://easycalculation.com/charts-and-tables.php,482,0,0
1784784108677,880,HTTP RequestEC5-1,200,OK,NON GUI TestCases using csv fies 1-2,text,true,,31595,146,10,10,https://www.easycalculation.com/charts-and-tables.php,823,0,0
1784784109077,1006,HTTP Request EC6,200,OK,NON GUI TestCases using csv fies 1-4,text,true,,23541,282,10,10,https://www.easycalculation.com/formulas/index.php,391,0,0
1784784109077,391,HTTP Request EC6-0,301,Moved Permanently,NON GUI TestCases using csv fies 1-4,text,true,,380,139,10,10,http://easycalculation.com/formulas/index.php,391,0,0
1784784109468,615,HTTP Request EC6-1,200,OK,NON GUI TestCases using csv fies 1-4,text,true,,23161,143,10,10,https://www.easycalculation.com/formulas/index.php,333,0,0
1784784109557,1000,HTTP Request EC6,200,OK,NON GUI TestCases using csv fies 1-2,text,true,,23541,282,10,10,https://www.easycalculation.com/formulas/index.php,335,0,0
1784784109557,335,HTTP Request EC6-0,301,Moved Permanently,NON GUI TestCases using csv fies 1-2,text,true,,380,139,10,10,http://easycalculation.com/formulas/index.php,335,0,0
1784784109892,665,HTTP Request EC6-1,200,OK,NON GUI TestCases using csv fies 1-2,text,true,,23161,143,10,10,https://www.easycalculation.com/formulas/index.php,661,0,0
1784784109556,1016,HTTP Request EC3,200,OK,NON GUI TestCases using csv fies 1-3,text,true,,20179,302,10,10,https://www.easycalculation.com/currency-converter/index.php,335,0,0
1784784109556,335,HTTP Request EC3-0,301,Moved Permanently,NON GUI TestCases using csv fies 1-3,text,true,,390,149,10,10,http://easycalculation.com/currency-converter/index.php,335,0,0
1784784109892,680,HTTP Request EC3-1,200,OK,NON GUI TestCases using csv fies 1-3,text,true,,19789,153,10,10,https://www.easycalculation.com/currency-converter/index.php,364,0,0
1784784110084,1046,HTTP Request easycal,200,OK,NON GUI TestCases using csv fies 1-4,text,true,,58970,272,10,10,https://www.easycalculation.com/faq/index.php,331,0,0
1784784110084,331,HTTP Request easycal-0,301,Moved Permanently,NON GUI TestCases using csv fies 1-4,text,true,,375,134,10,10,http://easycalculation.com/faq/index.php,331,0,0
1784784110415,715,HTTP Request easycal-1,200,OK,NON GUI TestCases using csv fies 1-4,text,true,,58595,138,10,10,https://www.easycalculation.com/faq/index.php,336,0,0
1784784110573,650,HTTP Request EC4,200,OK,NON GUI TestCases using csv fies 1-3,text,true,,21848,270,10,10,https://www.easycalculation.com/examples.php,291,0,0
1784784110573,291,HTTP Request EC4-0,301,Moved Permanently,NON GUI TestCases using csv fies 1-3,text,true,,374,133,10,10,http://easycalculation.com/examples.php,291,0,0
1784784110864,359,HTTP Request EC4-1,200,OK,NON GUI TestCases using csv fies 1-3,text,true,,21474,137,10,10,https://www.easycalculation.com/examples.php,350,0,0
1784784111131,472,HTTP Request practiceautomation,429,Too Many Requests,NON GUI TestCases using csv fies 1-4,text,false,,2883,296,10,10,https://practicetestautomation.com/practice-test-login/,141,0,0
1784784111131,142,HTTP Request practiceautomation-0,301,Moved Permanently,NON GUI TestCases using csv fies 1-4,text,true,,1380,148,10,10,http://practicetestautomation.com/practice-test-login/,141,0,0
1784784111273,330,HTTP Request practiceautomation-1,429,Too Many Requests,NON GUI TestCases using csv fies 1-4,text,false,,1503,148,10,10,https://practicetestautomation.com/practice-test-login/,330,0,0
1784784110559,1353,HTTP Request easycal,200,OK,NON GUI TestCases using csv fies 1-2,text,true,,58970,272,10,10,https://www.easycalculation.com/faq/index.php,304,0,0
1784784110559,305,HTTP Request easycal-0,301,Moved Permanently,NON GUI TestCases using csv fies 1-2,text,true,,375,134,10,10,http://easycalculation.com/faq/index.php,304,0,0
1784784110864,1048,HTTP Request easycal-1,200,OK,NON GUI TestCases using csv fies 1-2,text,true,,58595,138,10,10,https://www.easycalculation.com/faq/index.php,732,0,0
1784784111604,459,HTTP Request PA3,429,Too Many Requests,NON GUI TestCases using csv fies 1-4,text,false,,2876,274,10,10,https://practicetestautomation.com/practice/,139,0,0
1784784111604,139,HTTP Request PA3-0,301,Moved Permanently,NON GUI TestCases using csv fies 1-4,text,true,,1377,137,10,10,http://practicetestautomation.com/practice/,139,0,0
1784784111743,320,HTTP Request PA3-1,429,Too Many Requests,NON GUI TestCases using csv fies 1-4,text,false,,1499,137,10,10,https://practicetestautomation.com/practice/,316,0,0
1784784111225,1035,HTTP RequestEC5,200,OK,NON GUI TestCases using csv fies 1-3,text,true,,31978,288,10,10,https://www.easycalculation.com/charts-and-tables.php,369,0,0
1784784111225,369,HTTP RequestEC5-0,301,Moved Permanently,NON GUI TestCases using csv fies 1-3,text,true,,383,142,10,10,http://easycalculation.com/charts-and-tables.php,369,0,0
1784784111594,666,HTTP RequestEC5-1,200,OK,NON GUI TestCases using csv fies 1-3,text,true,,31595,146,10,10,https://www.easycalculation.com/charts-and-tables.php,321,0,0
1784784111913,450,HTTP Request practiceautomation,429,Too Many Requests,NON GUI TestCases using csv fies 1-2,text,false,,2891,296,10,10,https://practicetestautomation.com/practice-test-login/,135,0,0
1784784111913,135,HTTP Request practiceautomation-0,301,Moved Permanently,NON GUI TestCases using csv fies 1-2,text,true,,1384,148,10,10,http://practicetestautomation.com/practice-test-login/,135,0,0
1784784112048,315,HTTP Request practiceautomation-1,429,Too Many Requests,NON GUI TestCases using csv fies 1-2,text,false,,1507,148,10,10,https://practicetestautomation.com/practice-test-login/,314,0,0
1784784112064,450,HTTP Request PA2,429,Too Many Requests,NON GUI TestCases using csv fies 1-4,text,false,,2879,272,10,10,https://practicetestautomation.com/courses/,131,0,0
1784784112064,133,HTTP Request PA2-0,301,Moved Permanently,NON GUI TestCases using csv fies 1-4,text,true,,1376,136,10,10,http://practicetestautomation.com/courses/,131,0,0
1784784112197,317,HTTP Request PA2-1,429,Too Many Requests,NON GUI TestCases using csv fies 1-4,text,false,,1503,136,10,10,https://practicetestautomation.com/courses/,316,0,0
1784784112515,0,,Non HTTP response code: java.net.MalformedURLException,Non HTTP response message: Illegal character found in host: '/',NON GUI TestCases using csv fies 1-4,text,false,,875,0,10,10,null,0,0,0
1784784112363,459,HTTP Request PA3,429,Too Many Requests,NON GUI TestCases using csv fies 1-2,text,false,,2872,274,10,10,https://practicetestautomation.com/practice/,141,0,0
1784784112363,143,HTTP Request PA3-0,301,Moved Permanently,NON GUI TestCases using csv fies 1-2,text,true,,1377,137,10,10,http://practicetestautomation.com/practice/,141,0,0
1784784112506,316,HTTP Request PA3-1,429,Too Many Requests,NON GUI TestCases using csv fies 1-2,text,false,,1495,137,10,10,https://practicetestautomation.com/practice/,316,0,0
1784784112261,657,HTTP Request EC6,200,OK,NON GUI TestCases using csv fies 1-3,text,true,,23541,282,10,10,https://www.easycalculation.com/formulas/index.php,288,0,0
1784784112261,288,HTTP Request EC6-0,301,Moved Permanently,NON GUI TestCases using csv fies 1-3,text,true,,380,139,10,10,http://easycalculation.com/formulas/index.php,288,0,0
1784784112549,369,HTTP Request EC6-1,200,OK,NON GUI TestCases using csv fies 1-3,text,true,,23161,143,10,10,https://www.easycalculation.com/formulas/index.php,362,0,0
1784784112517,997, HTTP Request EC2,200,OK,NON GUI TestCases using csv fies 1-4,text,true,,24641,296,10,10,https://www.easycalculation.com/unit-conversion/index.php,296,0,0
1784784112517,296, HTTP Request EC2-0,301,Moved Permanently,NON GUI TestCases using csv fies 1-4,text,true,,387,146,10,10,http://easycalculation.com/unit-conversion/index.php,296,0,0
1784784112813,701, HTTP Request EC2-1,200,OK,NON GUI TestCases using csv fies 1-4,text,true,,24254,150,10,10,https://www.easycalculation.com/unit-conversion/index.php,699,0,0
1784784112919,974,HTTP Request easycal,200,OK,NON GUI TestCases using csv fies 1-3,text,true,,58970,272,10,10,https://www.easycalculation.com/faq/index.php,307,0,0
1784784112919,307,HTTP Request easycal-0,301,Moved Permanently,NON GUI TestCases using csv fies 1-3,text,true,,375,134,10,10,http://easycalculation.com/faq/index.php,307,0,0
1784784113227,666,HTTP Request easycal-1,200,OK,NON GUI TestCases using csv fies 1-3,text,true,,58595,138,10,10,https://www.easycalculation.com/faq/index.php,316,0,0
1784784113519,878,HTTP Request EC3,200,OK,NON GUI TestCases using csv fies 1-4,text,true,,20179,302,10,10,https://www.easycalculation.com/currency-converter/index.php,293,0,0
1784784113519,293,HTTP Request EC3-0,301,Moved Permanently,NON GUI TestCases using csv fies 1-4,text,true,,390,149,10,10,http://easycalculation.com/currency-converter/index.php,293,0,0
1784784113813,584,HTTP Request EC3-1,200,OK,NON GUI TestCases using csv fies 1-4,text,true,,19789,153,10,10,https://www.easycalculation.com/currency-converter/index.php,308,0,0
1784784114398,909,HTTP Request EC4,200,OK,NON GUI TestCases using csv fies 1-4,text,true,,21848,270,10,10,https://www.easycalculation.com/examples.php,302,0,0
1784784114398,302,HTTP Request EC4-0,301,Moved Permanently,NON GUI TestCases using csv fies 1-4,text,true,,374,133,10,10,http://easycalculation.com/examples.php,302,0,0
1784784114701,606,HTTP Request EC4-1,200,OK,NON GUI TestCases using csv fies 1-4,text,true,,21474,137,10,10,https://www.easycalculation.com/examples.php,406,0,0
1784784115308,968,HTTP RequestEC5,200,OK,NON GUI TestCases using csv fies 1-4,text,true,,31978,288,10,10,https://www.easycalculation.com/charts-and-tables.php,305,0,0
1784784115308,305,HTTP RequestEC5-0,301,Moved Permanently,NON GUI TestCases using csv fies 1-4,text,true,,383,142,10,10,http://easycalculation.com/charts-and-tables.php,305,0,0
1784784115614,662,HTTP RequestEC5-1,200,OK,NON GUI TestCases using csv fies 1-4,text,true,,31595,146,10,10,https://www.easycalculation.com/charts-and-tables.php,316,0,0
1784784116277,702,HTTP Request EC6,200,OK,NON GUI TestCases using csv fies 1-4,text,true,,23541,282,10,10,https://www.easycalculation.com/formulas/index.php,298,0,0
1784784116277,298,HTTP Request EC6-0,301,Moved Permanently,NON GUI TestCases using csv fies 1-4,text,true,,380,139,10,10,http://easycalculation.com/formulas/index.php,298,0,0
1784784116575,404,HTTP Request EC6-1,200,OK,NON GUI TestCases using csv fies 1-4,text,true,,23161,143,10,10,https://www.easycalculation.com/formulas/index.php,341,0,0
1784784116979,1016,HTTP Request easycal,200,OK,NON GUI TestCases using csv fies 1-4,text,true,,58970,272,10,10,https://www.easycalculation.com/faq/index.php,342,0,0
1784784116979,342,HTTP Request easycal-0,301,Moved Permanently,NON GUI TestCases using csv fies 1-4,text,true,,375,134,10,10,http://easycalculation.com/faq/index.php,342,0,0
1784784117322,673,HTTP Request easycal-1,200,OK,NON GUI TestCases using csv fies 1-4,text,true,,58595,138,10,10,https://www.easycalculation.com/faq/index.php,343,0,0
1784784090066,28324,HTTP Request PA3,200,OK,NON GUI TestCases using csv fies 1-6,text,true,,125055,274,10,10,https://practicetestautomation.com/practice/,333,0,0
1784784090066,333,HTTP Request PA3-0,301,Moved Permanently,NON GUI TestCases using csv fies 1-6,text,true,,1232,137,10,10,http://practicetestautomation.com/practice/,333,0,0
1784784090400,27990,HTTP Request PA3-1,200,OK,NON GUI TestCases using csv fies 1-6,text,true,,123823,137,10,10,https://practicetestautomation.com/practice/,27780,0,0
1784784117996,530,HTTP Request practiceautomation,429,Too Many Requests,NON GUI TestCases using csv fies 1-4,text,false,,2889,296,10,10,https://practicetestautomation.com/practice-test-login/,182,0,0
1784784117996,182,HTTP Request practiceautomation-0,301,Moved Permanently,NON GUI TestCases using csv fies 1-4,text,true,,1384,148,10,10,http://practicetestautomation.com/practice-test-login/,182,0,0
1784784118178,348,HTTP Request practiceautomation-1,429,Too Many Requests,NON GUI TestCases using csv fies 1-4,text,false,,1505,148,10,10,https://practicetestautomation.com/practice-test-login/,348,0,0
1784784105185,14981,HTTP Request PA2,200,OK,NON GUI TestCases using csv fies 1-1,text,true,,160749,272,10,10,https://practicetestautomation.com/courses/,149,0,0
1784784105185,149,HTTP Request PA2-0,301,Moved Permanently,NON GUI TestCases using csv fies 1-1,text,true,,1382,136,10,10,http://practicetestautomation.com/courses/,149,0,0
1784784105334,14832,HTTP Request PA2-1,200,OK,NON GUI TestCases using csv fies 1-1,text,true,,159367,136,10,10,https://practicetestautomation.com/courses/,14692,0,0
1784784120170,0,,Non HTTP response code: java.net.MalformedURLException,Non HTTP response message: Illegal character found in host: '/',NON GUI TestCases using csv fies 1-1,text,false,,875,0,10,10,null,0,0,0
1784784120171,925, HTTP Request EC2,200,OK,NON GUI TestCases using csv fies 1-1,text,true,,24641,296,10,10,https://www.easycalculation.com/unit-conversion/index.php,285,0,0
1784784120171,285, HTTP Request EC2-0,301,Moved Permanently,NON GUI TestCases using csv fies 1-1,text,true,,387,146,10,10,http://easycalculation.com/unit-conversion/index.php,285,0,0
1784784120457,639, HTTP Request EC2-1,200,OK,NON GUI TestCases using csv fies 1-1,text,true,,24254,150,10,10,https://www.easycalculation.com/unit-conversion/index.php,616,0,0
1784784121097,626,HTTP Request EC3,200,OK,NON GUI TestCases using csv fies 1-1,text,true,,20179,302,10,10,https://www.easycalculation.com/currency-converter/index.php,281,0,0
1784784121097,281,HTTP Request EC3-0,301,Moved Permanently,NON GUI TestCases using csv fies 1-1,text,true,,390,149,10,10,http://easycalculation.com/currency-converter/index.php,281,0,0
1784784121378,345,HTTP Request EC3-1,200,OK,NON GUI TestCases using csv fies 1-1,text,true,,19789,153,10,10,https://www.easycalculation.com/currency-converter/index.php,345,0,0
1784784106201,15906,HTTP Request PA2,200,OK,NON GUI TestCases using csv fies 1-10,text,true,,160745,272,10,10,https://practicetestautomation.com/courses/,215,0,0
1784784106201,216,HTTP Request PA2-0,301,Moved Permanently,NON GUI TestCases using csv fies 1-10,text,true,,1382,136,10,10,http://practicetestautomation.com/courses/,215,0,0
1784784106417,15690,HTTP Request PA2-1,200,OK,NON GUI TestCases using csv fies 1-10,text,true,,159363,136,10,10,https://practicetestautomation.com/courses/,15580,0,0
1784784122107,0,,Non HTTP response code: java.net.MalformedURLException,Non HTTP response message: Illegal character found in host: '/',NON GUI TestCases using csv fies 1-10,text,false,,875,0,10,10,null,0,0,0
1784784121724,717,HTTP Request EC4,200,OK,NON GUI TestCases using csv fies 1-1,text,true,,21848,270,10,10,https://www.easycalculation.com/examples.php,381,0,0
1784784121724,382,HTTP Request EC4-0,301,Moved Permanently,NON GUI TestCases using csv fies 1-1,text,true,,374,133,10,10,http://easycalculation.com/examples.php,381,0,0
1784784122106,335,HTTP Request EC4-1,200,OK,NON GUI TestCases using csv fies 1-1,text,true,,21474,137,10,10,https://www.easycalculation.com/examples.php,334,0,0
1784784122109,960, HTTP Request EC2,200,OK,NON GUI TestCases using csv fies 1-10,text,true,,24641,296,10,10,https://www.easycalculation.com/unit-conversion/index.php,331,0,0
1784784122109,331, HTTP Request EC2-0,301,Moved Permanently,NON GUI TestCases using csv fies 1-10,text,true,,387,146,10,10,http://easycalculation.com/unit-conversion/index.php,331,0,0
1784784122440,629, HTTP Request EC2-1,200,OK,NON GUI TestCases using csv fies 1-10,text,true,,24254,150,10,10,https://www.easycalculation.com/unit-conversion/index.php,627,0,0
1784784106261,16817,HTTP Request PA2,200,OK,NON GUI TestCases using csv fies 1-7,text,true,,160747,272,10,10,https://practicetestautomation.com/courses/,171,0,0
1784784106261,172,HTTP Request PA2-0,301,Moved Permanently,NON GUI TestCases using csv fies 1-7,text,true,,1378,136,10,10,http://practicetestautomation.com/courses/,171,0,0
1784784106433,16645,HTTP Request PA2-1,200,OK,NON GUI TestCases using csv fies 1-7,text,true,,159369,136,10,10,https://practicetestautomation.com/courses/,16468,0,0
1784784123078,0,,Non HTTP response code: java.net.MalformedURLException,Non HTTP response message: Illegal character found in host: '/',NON GUI TestCases using csv fies 1-7,text,false,,875,0,10,10,null,0,0,0
1784784106382,16869,HTTP Request PA2,200,OK,NON GUI TestCases using csv fies 1-9,text,true,,160755,272,10,10,https://practicetestautomation.com/courses/,126,0,0
1784784106382,126,HTTP Request PA2-0,301,Moved Permanently,NON GUI TestCases using csv fies 1-9,text,true,,1386,136,10,10,http://practicetestautomation.com/courses/,126,0,0
1784784106508,16743,HTTP Request PA2-1,200,OK,NON GUI TestCases using csv fies 1-9,text,true,,159369,136,10,10,https://practicetestautomation.com/courses/,16588,0,0
1784784123251,0,,Non HTTP response code: java.net.MalformedURLException,Non HTTP response message: Illegal character found in host: '/',NON GUI TestCases using csv fies 1-9,text,false,,875,0,10,10,null,0,0,0
1784784122441,953,HTTP RequestEC5,200,OK,NON GUI TestCases using csv fies 1-1,text,true,,31978,288,10,10,https://www.easycalculation.com/charts-and-tables.php,318,0,0
1784784122441,318,HTTP RequestEC5-0,301,Moved Permanently,NON GUI TestCases using csv fies 1-1,text,true,,383,142,10,10,http://easycalculation.com/charts-and-tables.php,318,0,0
1784784122759,635,HTTP RequestEC5-1,200,OK,NON GUI TestCases using csv fies 1-1,text,true,,31595,146,10,10,https://www.easycalculation.com/charts-and-tables.php,335,0,0
1784784123069,689,HTTP Request EC3,200,OK,NON GUI TestCases using csv fies 1-10,text,true,,20179,302,10,10,https://www.easycalculation.com/currency-converter/index.php,324,0,0
1784784123069,324,HTTP Request EC3-0,301,Moved Permanently,NON GUI TestCases using csv fies 1-10,text,true,,390,149,10,10,http://easycalculation.com/currency-converter/index.php,324,0,0
1784784123394,364,HTTP Request EC3-1,200,OK,NON GUI TestCases using csv fies 1-10,text,true,,19789,153,10,10,https://www.easycalculation.com/currency-converter/index.php,363,0,0
1784784123396,598,HTTP Request EC6,200,OK,NON GUI TestCases using csv fies 1-1,text,true,,23541,282,10,10,https://www.easycalculation.com/formulas/index.php,285,0,0
1784784123396,285,HTTP Request EC6-0,301,Moved Permanently,NON GUI TestCases using csv fies 1-1,text,true,,380,139,10,10,http://easycalculation.com/formulas/index.php,285,0,0
1784784123681,313,HTTP Request EC6-1,200,OK,NON GUI TestCases using csv fies 1-1,text,true,,23161,143,10,10,https://www.easycalculation.com/formulas/index.php,310,0,0
1784784106632,17426,HTTP Request PA2,200,OK,NON GUI TestCases using csv fies 1-8,text,true,,160737,272,10,10,https://practicetestautomation.com/courses/,223,0,0
1784784106632,223,HTTP Request PA2-0,301,Moved Permanently,NON GUI TestCases using csv fies 1-8,text,true,,1372,136,10,10,http://practicetestautomation.com/courses/,223,0,0
1784784106855,17203,HTTP Request PA2-1,200,OK,NON GUI TestCases using csv fies 1-8,text,true,,159365,136,10,10,https://practicetestautomation.com/courses/,17055,0,0
1784784124058,0,,Non HTTP response code: java.net.MalformedURLException,Non HTTP response message: Illegal character found in host: '/',NON GUI TestCases using csv fies 1-8,text,false,,875,0,10,10,null,0,0,0
1784784123079,988, HTTP Request EC2,200,OK,NON GUI TestCases using csv fies 1-7,text,true,,24641,296,10,10,https://www.easycalculation.com/unit-conversion/index.php,314,0,0
1784784123079,314, HTTP Request EC2-0,301,Moved Permanently,NON GUI TestCases using csv fies 1-7,text,true,,387,146,10,10,http://easycalculation.com/unit-conversion/index.php,314,0,0
1784784123393,674, HTTP Request EC2-1,200,OK,NON GUI TestCases using csv fies 1-7,text,true,,24254,150,10,10,https://www.easycalculation.com/unit-conversion/index.php,669,0,0
1784784123252,905, HTTP Request EC2,200,OK,NON GUI TestCases using csv fies 1-9,text,true,,24641,296,10,10,https://www.easycalculation.com/unit-conversion/index.php,305,0,0
1784784123252,305, HTTP Request EC2-0,301,Moved Permanently,NON GUI TestCases using csv fies 1-9,text,true,,387,146,10,10,http://easycalculation.com/unit-conversion/index.php,305,0,0
1784784123557,600, HTTP Request EC2-1,200,OK,NON GUI TestCases using csv fies 1-9,text,true,,24254,150,10,10,https://www.easycalculation.com/unit-conversion/index.php,598,0,0
1784784123759,640,HTTP Request EC4,200,OK,NON GUI TestCases using csv fies 1-10,text,true,,21848,270,10,10,https://www.easycalculation.com/examples.php,297,0,0
1784784123759,297,HTTP Request EC4-0,301,Moved Permanently,NON GUI TestCases using csv fies 1-10,text,true,,374,133,10,10,http://easycalculation.com/examples.php,297,0,0
1784784124056,343,HTTP Request EC4-1,200,OK,NON GUI TestCases using csv fies 1-10,text,true,,21474,137,10,10,https://www.easycalculation.com/examples.php,332,0,0
1784784124067,653,HTTP Request EC3,200,OK,NON GUI TestCases using csv fies 1-7,text,true,,20179,302,10,10,https://www.easycalculation.com/currency-converter/index.php,332,0,0
1784784124067,332,HTTP Request EC3-0,301,Moved Permanently,NON GUI TestCases using csv fies 1-7,text,true,,390,149,10,10,http://easycalculation.com/currency-converter/index.php,332,0,0
1784784124399,321,HTTP Request EC3-1,200,OK,NON GUI TestCases using csv fies 1-7,text,true,,19789,153,10,10,https://www.easycalculation.com/currency-converter/index.php,316,0,0
1784784124158,610,HTTP Request EC3,200,OK,NON GUI TestCases using csv fies 1-9,text,true,,20179,302,10,10,https://www.easycalculation.com/currency-converter/index.php,292,0,0
1784784124158,292,HTTP Request EC3-0,301,Moved Permanently,NON GUI TestCases using csv fies 1-9,text,true,,390,149,10,10,http://easycalculation.com/currency-converter/index.php,292,0,0
1784784124450,318,HTTP Request EC3-1,200,OK,NON GUI TestCases using csv fies 1-9,text,true,,19789,153,10,10,https://www.easycalculation.com/currency-converter/index.php,317,0,0
1784784123995,916,HTTP Request easycal,200,OK,NON GUI TestCases using csv fies 1-1,text,true,,58970,272,10,10,https://www.easycalculation.com/faq/index.php,288,0,0
1784784123995,288,HTTP Request easycal-0,301,Moved Permanently,NON GUI TestCases using csv fies 1-1,text,true,,375,134,10,10,http://easycalculation.com/faq/index.php,288,0,0
1784784124284,627,HTTP Request easycal-1,200,OK,NON GUI TestCases using csv fies 1-1,text,true,,58595,138,10,10,https://www.easycalculation.com/faq/index.php,336,0,0
1784784108680,16355,HTTP Request practiceautomation,200,OK,NON GUI TestCases using csv fies 1-5,text,true,,123412,296,10,10,https://practicetestautomation.com/practice-test-login/,152,0,0
1784784108680,152,HTTP Request practiceautomation-0,301,Moved Permanently,NON GUI TestCases using csv fies 1-5,text,true,,1388,148,10,10,http://practicetestautomation.com/practice-test-login/,152,0,0
1784784108832,16203,HTTP Request practiceautomation-1,200,OK,NON GUI TestCases using csv fies 1-5,text,true,,122024,148,10,10,https://practicetestautomation.com/practice-test-login/,16125,0,0
1784784124059,1042, HTTP Request EC2,200,OK,NON GUI TestCases using csv fies 1-8,text,true,,24641,296,10,10,https://www.easycalculation.com/unit-conversion/index.php,340,0,0
1784784124059,340, HTTP Request EC2-0,301,Moved Permanently,NON GUI TestCases using csv fies 1-8,text,true,,387,146,10,10,http://easycalculation.com/unit-conversion/index.php,340,0,0
1784784124400,701, HTTP Request EC2-1,200,OK,NON GUI TestCases using csv fies 1-8,text,true,,24254,150,10,10,https://www.easycalculation.com/unit-conversion/index.php,700,0,0
1784784124400,702,HTTP RequestEC5,200,OK,NON GUI TestCases using csv fies 1-10,text,true,,31978,288,10,10,https://www.easycalculation.com/charts-and-tables.php,292,0,0
1784784124400,292,HTTP RequestEC5-0,301,Moved Permanently,NON GUI TestCases using csv fies 1-10,text,true,,383,142,10,10,http://easycalculation.com/charts-and-tables.php,292,0,0
1784784124693,409,HTTP RequestEC5-1,200,OK,NON GUI TestCases using csv fies 1-10,text,true,,31595,146,10,10,https://www.easycalculation.com/charts-and-tables.php,406,0,0
1784784124769,685,HTTP Request EC4,200,OK,NON GUI TestCases using csv fies 1-9,text,true,,21848,270,10,10,https://www.easycalculation.com/examples.php,331,0,0
1784784124769,331,HTTP Request EC4-0,301,Moved Permanently,NON GUI TestCases using csv fies 1-9,text,true,,374,133,10,10,http://easycalculation.com/examples.php,331,0,0
1784784125101,353,HTTP Request EC4-1,200,OK,NON GUI TestCases using csv fies 1-9,text,true,,21474,137,10,10,https://www.easycalculation.com/examples.php,352,0,0
1784784124911,563,HTTP Request practiceautomation,429,Too Many Requests,NON GUI TestCases using csv fies 1-1,text,false,,2889,296,10,10,https://practicetestautomation.com/practice-test-login/,189,0,0
1784784124911,189,HTTP Request practiceautomation-0,301,Moved Permanently,NON GUI TestCases using csv fies 1-1,text,true,,1392,148,10,10,http://practicetestautomation.com/practice-test-login/,189,0,0
1784784125101,373,HTTP Request practiceautomation-1,429,Too Many Requests,NON GUI TestCases using csv fies 1-1,text,false,,1497,148,10,10,https://practicetestautomation.com/practice-test-login/,373,0,0
1784784125036,442,HTTP Request PA3,429,Too Many Requests,NON GUI TestCases using csv fies 1-5,text,false,,2868,274,10,10,https://practicetestautomation.com/practice/,135,0,0
1784784125036,136,HTTP Request PA3-0,301,Moved Permanently,NON GUI TestCases using csv fies 1-5,text,true,,1375,137,10,10,http://practicetestautomation.com/practice/,135,0,0
1784784125173,305,HTTP Request PA3-1,429,Too Many Requests,NON GUI TestCases using csv fies 1-5,text,false,,1493,137,10,10,https://practicetestautomation.com/practice/,301,0,0
1784784125103,634,HTTP Request EC6,200,OK,NON GUI TestCases using csv fies 1-10,text,true,,23541,282,10,10,https://www.easycalculation.com/formulas/index.php,292,0,0
1784784125103,292,HTTP Request EC6-0,301,Moved Permanently,NON GUI TestCases using csv fies 1-10,text,true,,380,139,10,10,http://easycalculation.com/formulas/index.php,292,0,0
1784784125395,342,HTTP Request EC6-1,200,OK,NON GUI TestCases using csv fies 1-10,text,true,,23161,143,10,10,https://www.easycalculation.com/formulas/index.php,340,0,0
1784784125102,639,HTTP Request EC3,200,OK,NON GUI TestCases using csv fies 1-8,text,true,,20179,302,10,10,https://www.easycalculation.com/currency-converter/index.php,292,0,0
1784784125102,293,HTTP Request EC3-0,301,Moved Permanently,NON GUI TestCases using csv fies 1-8,text,true,,390,149,10,10,http://easycalculation.com/currency-converter/index.php,292,0,0
1784784125395,346,HTTP Request EC3-1,200,OK,NON GUI TestCases using csv fies 1-8,text,true,,19789,153,10,10,https://www.easycalculation.com/currency-converter/index.php,345,0,0
1784784124721,1021,HTTP Request EC4,200,OK,NON GUI TestCases using csv fies 1-7,text,true,,21848,270,10,10,https://www.easycalculation.com/examples.php,380,0,0
1784784124721,380,HTTP Request EC4-0,301,Moved Permanently,NON GUI TestCases using csv fies 1-7,text,true,,374,133,10,10,http://easycalculation.com/examples.php,380,0,0
1784784125101,641,HTTP Request EC4-1,200,OK,NON GUI TestCases using csv fies 1-7,text,true,,21474,137,10,10,https://www.easycalculation.com/examples.php,373,0,0
1784784125478,428,HTTP Request PA2,429,Too Many Requests,NON GUI TestCases using csv fies 1-5,text,false,,2881,272,10,10,https://practicetestautomation.com/courses/,122,0,0
1784784125478,122,HTTP Request PA2-0,301,Moved Permanently,NON GUI TestCases using csv fies 1-5,text,true,,1378,136,10,10,http://practicetestautomation.com/courses/,122,0,0
1784784125601,305,HTTP Request PA2-1,429,Too Many Requests,NON GUI TestCases using csv fies 1-5,text,false,,1503,136,10,10,https://practicetestautomation.com/courses/,303,0,0
1784784125908,0,,Non HTTP response code: java.net.MalformedURLException,Non HTTP response message: Illegal character found in host: '/',NON GUI TestCases using csv fies 1-5,text,false,,875,0,10,10,null,0,0,0
1784784125475,460,HTTP Request PA3,429,Too Many Requests,NON GUI TestCases using csv fies 1-1,text,false,,2888,274,10,10,https://practicetestautomation.com/practice/,142,0,0
1784784125475,143,HTTP Request PA3-0,301,Moved Permanently,NON GUI TestCases using csv fies 1-1,text,true,,1383,137,10,10,http://practicetestautomation.com/practice/,142,0,0
1784784125618,317,HTTP Request PA3-1,429,Too Many Requests,NON GUI TestCases using csv fies 1-1,text,false,,1505,137,10,10,https://practicetestautomation.com/practice/,316,0,0
1784784125455,649,HTTP RequestEC5,200,OK,NON GUI TestCases using csv fies 1-9,text,true,,31978,288,10,10,https://www.easycalculation.com/charts-and-tables.php,298,0,0
1784784125455,298,HTTP RequestEC5-0,301,Moved Permanently,NON GUI TestCases using csv fies 1-9,text,true,,383,142,10,10,http://easycalculation.com/charts-and-tables.php,298,0,0
1784784125753,351,HTTP RequestEC5-1,200,OK,NON GUI TestCases using csv fies 1-9,text,true,,31595,146,10,10,https://www.easycalculation.com/charts-and-tables.php,343,0,0
1784784125936,496,HTTP Request PA2,429,Too Many Requests,NON GUI TestCases using csv fies 1-1,text,false,,2875,272,10,10,https://practicetestautomation.com/courses/,168,0,0
1784784125936,168,HTTP Request PA2-0,301,Moved Permanently,NON GUI TestCases using csv fies 1-1,text,true,,1374,136,10,10,http://practicetestautomation.com/courses/,168,0,0
1784784126104,328,HTTP Request PA2-1,429,Too Many Requests,NON GUI TestCases using csv fies 1-1,text,false,,1501,136,10,10,https://practicetestautomation.com/courses/,328,0,0
1784784126432,0,,Non HTTP response code: java.net.MalformedURLException,Non HTTP response message: Illegal character found in host: '/',NON GUI TestCases using csv fies 1-1,text,false,,875,0,10,10,null,0,0,0
1784784125743,997,HTTP Request EC4,200,OK,NON GUI TestCases using csv fies 1-8,text,true,,21848,270,10,10,https://www.easycalculation.com/examples.php,321,0,0
1784784125743,321,HTTP Request EC4-0,301,Moved Permanently,NON GUI TestCases using csv fies 1-8,text,true,,374,133,10,10,http://easycalculation.com/examples.php,321,0,0
1784784126064,676,HTTP Request EC4-1,200,OK,NON GUI TestCases using csv fies 1-8,text,true,,21474,137,10,10,https://www.easycalculation.com/examples.php,358,0,0
1784784125743,1003,HTTP RequestEC5,200,OK,NON GUI TestCases using csv fies 1-7,text,true,,31978,288,10,10,https://www.easycalculation.com/charts-and-tables.php,318,0,0
1784784125743,318,HTTP RequestEC5-0,301,Moved Permanently,NON GUI TestCases using csv fies 1-7,text,true,,383,142,10,10,http://easycalculation.com/charts-and-tables.php,318,0,0
1784784126064,682,HTTP RequestEC5-1,200,OK,NON GUI TestCases using csv fies 1-7,text,true,,31595,146,10,10,https://www.easycalculation.com/charts-and-tables.php,339,0,0
1784784125738,1008,HTTP Request easycal,200,OK,NON GUI TestCases using csv fies 1-10,text,true,,58970,272,10,10,https://www.easycalculation.com/faq/index.php,323,0,0
1784784125738,323,HTTP Request easycal-0,301,Moved Permanently,NON GUI TestCases using csv fies 1-10,text,true,,375,134,10,10,http://easycalculation.com/faq/index.php,323,0,0
1784784126061,685,HTTP Request easycal-1,200,OK,NON GUI TestCases using csv fies 1-10,text,true,,58595,138,10,10,https://www.easycalculation.com/faq/index.php,343,0,0
1784784126105,690,HTTP Request EC6,200,OK,NON GUI TestCases using csv fies 1-9,text,true,,23541,282,10,10,https://www.easycalculation.com/formulas/index.php,316,0,0
1784784126105,316,HTTP Request EC6-0,301,Moved Permanently,NON GUI TestCases using csv fies 1-9,text,true,,380,139,10,10,http://easycalculation.com/formulas/index.php,316,0,0
1784784126422,373,HTTP Request EC6-1,200,OK,NON GUI TestCases using csv fies 1-9,text,true,,23161,143,10,10,https://www.easycalculation.com/formulas/index.php,373,0,0
1784784125909,929, HTTP Request EC2,200,OK,NON GUI TestCases using csv fies 1-5,text,true,,24641,296,10,10,https://www.easycalculation.com/unit-conversion/index.php,320,0,0
1784784125909,320, HTTP Request EC2-0,301,Moved Permanently,NON GUI TestCases using csv fies 1-5,text,true,,387,146,10,10,http://easycalculation.com/unit-conversion/index.php,320,0,0
1784784126229,609, HTTP Request EC2-1,200,OK,NON GUI TestCases using csv fies 1-5,text,true,,24254,150,10,10,https://www.easycalculation.com/unit-conversion/index.php,602,0,0
1784784126747,431,HTTP Request practiceautomation,429,Too Many Requests,NON GUI TestCases using csv fies 1-10,text,false,,2885,296,10,10,https://practicetestautomation.com/practice-test-login/,125,0,0
1784784126747,125,HTTP Request practiceautomation-0,301,Moved Permanently,NON GUI TestCases using csv fies 1-10,text,true,,1390,148,10,10,http://practicetestautomation.com/practice-test-login/,125,0,0
1784784126872,306,HTTP Request practiceautomation-1,429,Too Many Requests,NON GUI TestCases using csv fies 1-10,text,false,,1495,148,10,10,https://practicetestautomation.com/practice-test-login/,306,0,0
1784784126433,940, HTTP Request EC2,200,OK,NON GUI TestCases using csv fies 1-1,text,true,,24641,296,10,10,https://www.easycalculation.com/unit-conversion/index.php,312,0,0
1784784126433,312, HTTP Request EC2-0,301,Moved Permanently,NON GUI TestCases using csv fies 1-1,text,true,,387,146,10,10,http://easycalculation.com/unit-conversion/index.php,312,0,0
1784784126745,628, HTTP Request EC2-1,200,OK,NON GUI TestCases using csv fies 1-1,text,true,,24254,150,10,10,https://www.easycalculation.com/unit-conversion/index.php,626,0,0
1784784126746,663,HTTP Request EC6,200,OK,NON GUI TestCases using csv fies 1-7,text,true,,23541,282,10,10,https://www.easycalculation.com/formulas/index.php,317,0,0
1784784126746,317,HTTP Request EC6-0,301,Moved Permanently,NON GUI TestCases using csv fies 1-7,text,true,,380,139,10,10,http://easycalculation.com/formulas/index.php,317,0,0
1784784127063,346,HTTP Request EC6-1,200,OK,NON GUI TestCases using csv fies 1-7,text,true,,23161,143,10,10,https://www.easycalculation.com/formulas/index.php,326,0,0
1784784126796,682,HTTP Request easycal,200,OK,NON GUI TestCases using csv fies 1-9,text,true,,58970,272,10,10,https://www.easycalculation.com/faq/index.php,276,0,0
1784784126796,277,HTTP Request easycal-0,301,Moved Permanently,NON GUI TestCases using csv fies 1-9,text,true,,375,134,10,10,http://easycalculation.com/faq/index.php,276,0,0
1784784127073,405,HTTP Request easycal-1,200,OK,NON GUI TestCases using csv fies 1-9,text,true,,58595,138,10,10,https://www.easycalculation.com/faq/index.php,346,0,0
1784784126839,679,HTTP Request EC3,200,OK,NON GUI TestCases using csv fies 1-5,text,true,,20179,302,10,10,https://www.easycalculation.com/currency-converter/index.php,290,0,0
1784784126839,290,HTTP Request EC3-0,301,Moved Permanently,NON GUI TestCases using csv fies 1-5,text,true,,390,149,10,10,http://easycalculation.com/currency-converter/index.php,290,0,0
1784784127130,388,HTTP Request EC3-1,200,OK,NON GUI TestCases using csv fies 1-5,text,true,,19789,153,10,10,https://www.easycalculation.com/currency-converter/index.php,387,0,0
1784784127178,444,HTTP Request PA3,429,Too Many Requests,NON GUI TestCases using csv fies 1-10,text,false,,2878,274,10,10,https://practicetestautomation.com/practice/,126,0,0
1784784127178,126,HTTP Request PA3-0,301,Moved Permanently,NON GUI TestCases using csv fies 1-10,text,true,,1373,137,10,10,http://practicetestautomation.com/practice/,126,0,0
1784784127305,317,HTTP Request PA3-1,429,Too Many Requests,NON GUI TestCases using csv fies 1-10,text,false,,1505,137,10,10,https://practicetestautomation.com/practice/,314,0,0
1784784126741,894,HTTP RequestEC5,200,OK,NON GUI TestCases using csv fies 1-8,text,true,,31978,288,10,10,https://www.easycalculation.com/charts-and-tables.php,290,0,0
1784784126741,290,HTTP RequestEC5-0,301,Moved Permanently,NON GUI TestCases using csv fies 1-8,text,true,,383,142,10,10,http://easycalculation.com/charts-and-tables.php,290,0,0
1784784127031,604,HTTP RequestEC5-1,200,OK,NON GUI TestCases using csv fies 1-8,text,true,,31595,146,10,10,https://www.easycalculation.com/charts-and-tables.php,314,0,0
1784784127374,887,HTTP Request EC3,200,OK,NON GUI TestCases using csv fies 1-1,text,true,,20179,302,10,10,https://www.easycalculation.com/currency-converter/index.php,280,0,0
1784784127636,625,HTTP Request EC6,200,OK,NON GUI TestCases using csv fies 1-8,text,true,,23541,282,10,10,https://www.easycalculation.com/formulas/index.php,290,0,0
1784784127374,280,HTTP Request EC3-0,301,Moved Permanently,NON GUI TestCases using csv fies 1-1,text,true,,390,149,10,10,http://easycalculation.com/currency-converter/index.php,280,0,0
1784784127636,290,HTTP Request EC6-0,301,Moved Permanently,NON GUI TestCases using csv fies 1-8,text,true,,380,139,10,10,http://easycalculation.com/formulas/index.php,290,0,0
1784784127655,606,HTTP Request EC3-1,200,OK,NON GUI TestCases using csv fies 1-1,text,true,,19789,153,10,10,https://www.easycalculation.com/currency-converter/index.php,326,0,0
1784784127927,334,HTTP Request EC6-1,200,OK,NON GUI TestCases using csv fies 1-8,text,true,,23161,143,10,10,https://www.easycalculation.com/formulas/index.php,324,0,0
1784784127411,942,HTTP Request easycal,200,OK,NON GUI TestCases using csv fies 1-7,text,true,,58970,272,10,10,https://www.easycalculation.com/faq/index.php,294,0,0
1784784127411,294,HTTP Request easycal-0,301,Moved Permanently,NON GUI TestCases using csv fies 1-7,text,true,,375,134,10,10,http://easycalculation.com/faq/index.php,294,0,0
1784784127705,648,HTTP Request easycal-1,200,OK,NON GUI TestCases using csv fies 1-7,text,true,,58595,138,10,10,https://www.easycalculation.com/faq/index.php,320,0,0
1784784127518,871,HTTP Request EC4,200,OK,NON GUI TestCases using csv fies 1-5,text,true,,21848,270,10,10,https://www.easycalculation.com/examples.php,278,0,0
1784784127518,278,HTTP Request EC4-0,301,Moved Permanently,NON GUI TestCases using csv fies 1-5,text,true,,374,133,10,10,http://easycalculation.com/examples.php,278,0,0
1784784127796,593,HTTP Request EC4-1,200,OK,NON GUI TestCases using csv fies 1-5,text,true,,21474,137,10,10,https://www.easycalculation.com/examples.php,308,0,0
1784784128354,474,HTTP Request practiceautomation,429,Too Many Requests,NON GUI TestCases using csv fies 1-7,text,false,,2887,296,10,10,https://practicetestautomation.com/practice-test-login/,145,0,0
1784784128354,149,HTTP Request practiceautomation-0,301,Moved Permanently,NON GUI TestCases using csv fies 1-7,text,true,,1386,148,10,10,http://practicetestautomation.com/practice-test-login/,145,0,0
1784784128503,325,HTTP Request practiceautomation-1,429,Too Many Requests,NON GUI TestCases using csv fies 1-7,text,false,,1501,148,10,10,https://practicetestautomation.com/practice-test-login/,320,0,0
1784784128262,908,HTTP Request EC4,200,OK,NON GUI TestCases using csv fies 1-1,text,true,,21848,270,10,10,https://www.easycalculation.com/examples.php,296,0,0
1784784128262,296,HTTP Request EC4-0,301,Moved Permanently,NON GUI TestCases using csv fies 1-1,text,true,,374,133,10,10,http://easycalculation.com/examples.php,296,0,0
1784784128558,612,HTTP Request EC4-1,200,OK,NON GUI TestCases using csv fies 1-1,text,true,,21474,137,10,10,https://www.easycalculation.com/examples.php,324,0,0
1784784128262,943,HTTP Request easycal,200,OK,NON GUI TestCases using csv fies 1-8,text,true,,58970,272,10,10,https://www.easycalculation.com/faq/index.php,300,0,0
1784784128262,300,HTTP Request easycal-0,301,Moved Permanently,NON GUI TestCases using csv fies 1-8,text,true,,375,134,10,10,http://easycalculation.com/faq/index.php,300,0,0
1784784128562,643,HTTP Request easycal-1,200,OK,NON GUI TestCases using csv fies 1-8,text,true,,58595,138,10,10,https://www.easycalculation.com/faq/index.php,339,0,0
1784784128829,486,HTTP Request PA3,429,Too Many Requests,NON GUI TestCases using csv fies 1-7,text,false,,2880,274,10,10,https://practicetestautomation.com/practice/,158,0,0
1784784128829,164,HTTP Request PA3-0,301,Moved Permanently,NON GUI TestCases using csv fies 1-7,text,true,,1377,137,10,10,http://practicetestautomation.com/practice/,158,0,0
1784784128993,322,HTTP Request PA3-1,429,Too Many Requests,NON GUI TestCases using csv fies 1-7,text,false,,1503,137,10,10,https://practicetestautomation.com/practice/,322,0,0
1784784128389,991,HTTP RequestEC5,200,OK,NON GUI TestCases using csv fies 1-5,text,true,,31978,288,10,10,https://www.easycalculation.com/charts-and-tables.php,307,0,0
1784784128389,307,HTTP RequestEC5-0,301,Moved Permanently,NON GUI TestCases using csv fies 1-5,text,true,,383,142,10,10,http://easycalculation.com/charts-and-tables.php,307,0,0
1784784128696,684,HTTP RequestEC5-1,200,OK,NON GUI TestCases using csv fies 1-5,text,true,,31595,146,10,10,https://www.easycalculation.com/charts-and-tables.php,344,0,0
1784784129205,502,HTTP Request practiceautomation,429,Too Many Requests,NON GUI TestCases using csv fies 1-8,text,false,,2887,296,10,10,https://practicetestautomation.com/practice-test-login/,180,0,0
1784784129205,180,HTTP Request practiceautomation-0,301,Moved Permanently,NON GUI TestCases using csv fies 1-8,text,true,,1384,148,10,10,http://practicetestautomation.com/practice-test-login/,180,0,0
1784784129385,322,HTTP Request practiceautomation-1,429,Too Many Requests,NON GUI TestCases using csv fies 1-8,text,false,,1503,148,10,10,https://practicetestautomation.com/practice-test-login/,321,0,0
1784784129316,482,HTTP Request PA2,429,Too Many Requests,NON GUI TestCases using csv fies 1-7,text,false,,2875,272,10,10,https://practicetestautomation.com/courses/,143,0,0
1784784129316,143,HTTP Request PA2-0,301,Moved Permanently,NON GUI TestCases using csv fies 1-7,text,true,,1378,136,10,10,http://practicetestautomation.com/courses/,143,0,0
1784784129459,339,HTTP Request PA2-1,429,Too Many Requests,NON GUI TestCases using csv fies 1-7,text,false,,1497,136,10,10,https://practicetestautomation.com/courses/,338,0,0
1784784129798,0,,Non HTTP response code: java.net.MalformedURLException,Non HTTP response message: Illegal character found in host: '/',NON GUI TestCases using csv fies 1-7,text,false,,875,0,10,10,null,0,0,0
1784784129381,641,HTTP Request EC6,200,OK,NON GUI TestCases using csv fies 1-5,text,true,,23541,282,10,10,https://www.easycalculation.com/formulas/index.php,269,0,0
1784784129381,269,HTTP Request EC6-0,301,Moved Permanently,NON GUI TestCases using csv fies 1-5,text,true,,380,139,10,10,http://easycalculation.com/formulas/index.php,269,0,0
1784784129651,371,HTTP Request EC6-1,200,OK,NON GUI TestCases using csv fies 1-5,text,true,,23161,143,10,10,https://www.easycalculation.com/formulas/index.php,370,0,0
1784784129171,884,HTTP RequestEC5,200,OK,NON GUI TestCases using csv fies 1-1,text,true,,31978,288,10,10,https://www.easycalculation.com/charts-and-tables.php,288,0,0
1784784129171,288,HTTP RequestEC5-0,301,Moved Permanently,NON GUI TestCases using csv fies 1-1,text,true,,383,142,10,10,http://easycalculation.com/charts-and-tables.php,288,0,0
1784784129459,596,HTTP RequestEC5-1,200,OK,NON GUI TestCases using csv fies 1-1,text,true,,31595,146,10,10,https://www.easycalculation.com/charts-and-tables.php,328,0,0
1784784130055,613,HTTP Request EC6,200,OK,NON GUI TestCases using csv fies 1-1,text,true,,23541,282,10,10,https://www.easycalculation.com/formulas/index.php,275,0,0
1784784130055,275,HTTP Request EC6-0,301,Moved Permanently,NON GUI TestCases using csv fies 1-1,text,true,,380,139,10,10,http://easycalculation.com/formulas/index.php,275,0,0
1784784130331,337,HTTP Request EC6-1,200,OK,NON GUI TestCases using csv fies 1-1,text,true,,23161,143,10,10,https://www.easycalculation.com/formulas/index.php,335,0,0
1784784129798,908, HTTP Request EC2,200,OK,NON GUI TestCases using csv fies 1-7,text,true,,24641,296,10,10,https://www.easycalculation.com/unit-conversion/index.php,299,0,0
1784784129798,299, HTTP Request EC2-0,301,Moved Permanently,NON GUI TestCases using csv fies 1-7,text,true,,387,146,10,10,http://easycalculation.com/unit-conversion/index.php,299,0,0
1784784130097,609, HTTP Request EC2-1,200,OK,NON GUI TestCases using csv fies 1-7,text,true,,24254,150,10,10,https://www.easycalculation.com/unit-conversion/index.php,603,0,0
1784784130022,1025,HTTP Request easycal,200,OK,NON GUI TestCases using csv fies 1-5,text,true,,58970,272,10,10,https://www.easycalculation.com/faq/index.php,298,0,0
1784784130022,298,HTTP Request easycal-0,301,Moved Permanently,NON GUI TestCases using csv fies 1-5,text,true,,375,134,10,10,http://easycalculation.com/faq/index.php,298,0,0
1784784130320,727,HTTP Request easycal-1,200,OK,NON GUI TestCases using csv fies 1-5,text,true,,58595,138,10,10,https://www.easycalculation.com/faq/index.php,319,0,0
1784784112824,18329,HTTP Request PA2,200,OK,NON GUI TestCases using csv fies 1-2,text,true,,160747,272,10,10,https://practicetestautomation.com/courses/,125,0,0
1784784112824,125,HTTP Request PA2-0,301,Moved Permanently,NON GUI TestCases using csv fies 1-2,text,true,,1382,136,10,10,http://practicetestautomation.com/courses/,125,0,0
1784784112949,18204,HTTP Request PA2-1,200,OK,NON GUI TestCases using csv fies 1-2,text,true,,159365,136,10,10,https://practicetestautomation.com/courses/,18008,0,0
1784784131153,0,,Non HTTP response code: java.net.MalformedURLException,Non HTTP response message: Illegal character found in host: '/',NON GUI TestCases using csv fies 1-2,text,false,,875,0,10,10,null,0,0,0
1784784113894,17302,HTTP Request practiceautomation,200,OK,NON GUI TestCases using csv fies 1-3,text,true,,123422,296,10,10,https://practicetestautomation.com/practice-test-login/,128,0,0
1784784113894,128,HTTP Request practiceautomation-0,301,Moved Permanently,NON GUI TestCases using csv fies 1-3,text,true,,1392,148,10,10,http://practicetestautomation.com/practice-test-login/,128,0,0
1784784114022,17174,HTTP Request practiceautomation-1,200,OK,NON GUI TestCases using csv fies 1-3,text,true,,122030,148,10,10,https://practicetestautomation.com/practice-test-login/,17111,0,0
1784784130669,1034,HTTP Request easycal,200,OK,NON GUI TestCases using csv fies 1-1,text,true,,58970,272,10,10,https://www.easycalculation.com/faq/index.php,377,0,0
1784784130669,377,HTTP Request easycal-0,301,Moved Permanently,NON GUI TestCases using csv fies 1-1,text,true,,375,134,10,10,http://easycalculation.com/faq/index.php,377,0,0
1784784131047,656,HTTP Request easycal-1,200,OK,NON GUI TestCases using csv fies 1-1,text,true,,58595,138,10,10,https://www.easycalculation.com/faq/index.php,326,0,0
1784784130706,1000,HTTP Request EC3,200,OK,NON GUI TestCases using csv fies 1-7,text,true,,20179,302,10,10,https://www.easycalculation.com/currency-converter/index.php,340,0,0
1784784130706,340,HTTP Request EC3-0,301,Moved Permanently,NON GUI TestCases using csv fies 1-7,text,true,,390,149,10,10,http://easycalculation.com/currency-converter/index.php,340,0,0
1784784131047,659,HTTP Request EC3-1,200,OK,NON GUI TestCases using csv fies 1-7,text,true,,19789,153,10,10,https://www.easycalculation.com/currency-converter/index.php,377,0,0
1784784131154,921, HTTP Request EC2,200,OK,NON GUI TestCases using csv fies 1-2,text,true,,24641,296,10,10,https://www.easycalculation.com/unit-conversion/index.php,297,0,0
1784784131154,297, HTTP Request EC2-0,301,Moved Permanently,NON GUI TestCases using csv fies 1-2,text,true,,387,146,10,10,http://easycalculation.com/unit-conversion/index.php,297,0,0
1784784131451,624, HTTP Request EC2-1,200,OK,NON GUI TestCases using csv fies 1-2,text,true,,24254,150,10,10,https://www.easycalculation.com/unit-conversion/index.php,583,0,0
1784784131707,927,HTTP Request EC4,200,OK,NON GUI TestCases using csv fies 1-7,text,true,,21848,270,10,10,https://www.easycalculation.com/examples.php,305,0,0
1784784131707,305,HTTP Request EC4-0,301,Moved Permanently,NON GUI TestCases using csv fies 1-7,text,true,,374,133,10,10,http://easycalculation.com/examples.php,305,0,0
1784784132013,621,HTTP Request EC4-1,200,OK,NON GUI TestCases using csv fies 1-7,text,true,,21474,137,10,10,https://www.easycalculation.com/examples.php,361,0,0
1784784118390,14831,HTTP Request PA2,200,OK,NON GUI TestCases using csv fies 1-6,text,true,,160586,272,10,10,https://practicetestautomation.com/courses/,136,0,0
1784784118390,136,HTTP Request PA2-0,301,Moved Permanently,NON GUI TestCases using csv fies 1-6,text,true,,1219,136,10,10,http://practicetestautomation.com/courses/,136,0,0
1784784118526,14695,HTTP Request PA2-1,200,OK,NON GUI TestCases using csv fies 1-6,text,true,,159367,136,10,10,https://practicetestautomation.com/courses/,14501,0,0
1784784133222,0,,Non HTTP response code: java.net.MalformedURLException,Non HTTP response message: Illegal character found in host: '/',NON GUI TestCases using csv fies 1-6,text,false,,875,0,10,10,null,0,0,0
1784784132076,2059,HTTP Request EC3,200,OK,NON GUI TestCases using csv fies 1-2,text,true,,20179,302,10,10,https://www.easycalculation.com/currency-converter/index.php,677,0,345
1784784132076,677,HTTP Request EC3-0,301,Moved Permanently,NON GUI TestCases using csv fies 1-2,text,true,,390,149,10,10,http://easycalculation.com/currency-converter/index.php,677,0,345
1784784132753,1382,HTTP Request EC3-1,200,OK,NON GUI TestCases using csv fies 1-2,text,true,,19789,153,10,10,https://www.easycalculation.com/currency-converter/index.php,1379,0,724
1784784132634,2100,HTTP RequestEC5,200,OK,NON GUI TestCases using csv fies 1-7,text,true,,31978,288,10,10,https://www.easycalculation.com/charts-and-tables.php,756,0,429
1784784132634,757,HTTP RequestEC5-0,301,Moved Permanently,NON GUI TestCases using csv fies 1-7,text,true,,383,142,10,10,http://easycalculation.com/charts-and-tables.php,756,0,429
1784784133391,1343,HTTP RequestEC5-1,200,OK,NON GUI TestCases using csv fies 1-7,text,true,,31595,146,10,10,https://www.easycalculation.com/charts-and-tables.php,1279,0,642
1784784134135,648,HTTP Request EC4,200,OK,NON GUI TestCases using csv fies 1-2,text,true,,21848,270,10,10,https://www.easycalculation.com/examples.php,316,0,0
1784784134135,317,HTTP Request EC4-0,301,Moved Permanently,NON GUI TestCases using csv fies 1-2,text,true,,374,133,10,10,http://easycalculation.com/examples.php,316,0,0
1784784134452,331,HTTP Request EC4-1,200,OK,NON GUI TestCases using csv fies 1-2,text,true,,21474,137,10,10,https://www.easycalculation.com/examples.php,331,0,0
1784784118527,16551,HTTP Request PA3,200,OK,NON GUI TestCases using csv fies 1-4,text,true,,125202,274,10,10,https://practicetestautomation.com/practice/,134,0,0
1784784118527,135,HTTP Request PA3-0,301,Moved Permanently,NON GUI TestCases using csv fies 1-4,text,true,,1381,137,10,10,http://practicetestautomation.com/practice/,134,0,0
1784784118662,16416,HTTP Request PA3-1,200,OK,NON GUI TestCases using csv fies 1-4,text,true,,123821,137,10,10,https://practicetestautomation.com/practice/,16247,0,0
1784784133222,1888, HTTP Request EC2,200,OK,NON GUI TestCases using csv fies 1-6,text,true,,24641,296,10,10,https://www.easycalculation.com/unit-conversion/index.php,635,0,275
1784784133222,635, HTTP Request EC2-0,301,Moved Permanently,NON GUI TestCases using csv fies 1-6,text,true,,387,146,10,10,http://easycalculation.com/unit-conversion/index.php,635,0,275
1784784133857,1253, HTTP Request EC2-1,200,OK,NON GUI TestCases using csv fies 1-6,text,true,,24254,150,10,10,https://www.easycalculation.com/unit-conversion/index.php,1238,0,624
1784784134734,693,HTTP Request EC6,200,OK,NON GUI TestCases using csv fies 1-7,text,true,,23541,282,10,10,https://www.easycalculation.com/formulas/index.php,337,0,0
1784784134734,337,HTTP Request EC6-0,301,Moved Permanently,NON GUI TestCases using csv fies 1-7,text,true,,380,139,10,10,http://easycalculation.com/formulas/index.php,337,0,0
1784784135071,356,HTTP Request EC6-1,200,OK,NON GUI TestCases using csv fies 1-7,text,true,,23161,143,10,10,https://www.easycalculation.com/formulas/index.php,347,0,0
1784784134784,730,HTTP RequestEC5,200,OK,NON GUI TestCases using csv fies 1-2,text,true,,31978,288,10,10,https://www.easycalculation.com/charts-and-tables.php,326,0,0
1784784134784,326,HTTP RequestEC5-0,301,Moved Permanently,NON GUI TestCases using csv fies 1-2,text,true,,383,142,10,10,http://easycalculation.com/charts-and-tables.php,326,0,0
1784784135110,404,HTTP RequestEC5-1,200,OK,NON GUI TestCases using csv fies 1-2,text,true,,31595,146,10,10,https://www.easycalculation.com/charts-and-tables.php,373,0,0
1784784135110,650,HTTP Request EC3,200,OK,NON GUI TestCases using csv fies 1-6,text,true,,20179,302,10,10,https://www.easycalculation.com/currency-converter/index.php,317,0,0
1784784135110,317,HTTP Request EC3-0,301,Moved Permanently,NON GUI TestCases using csv fies 1-6,text,true,,390,149,10,10,http://easycalculation.com/currency-converter/index.php,317,0,0
1784784135427,333,HTTP Request EC3-1,200,OK,NON GUI TestCases using csv fies 1-6,text,true,,19789,153,10,10,https://www.easycalculation.com/currency-converter/index.php,332,0,0
1784784135515,745,HTTP Request EC6,200,OK,NON GUI TestCases using csv fies 1-2,text,true,,23541,282,10,10,https://www.easycalculation.com/formulas/index.php,313,0,0
1784784135515,313,HTTP Request EC6-0,301,Moved Permanently,NON GUI TestCases using csv fies 1-2,text,true,,380,139,10,10,http://easycalculation.com/formulas/index.php,313,0,0
1784784135828,432,HTTP Request EC6-1,200,OK,NON GUI TestCases using csv fies 1-2,text,true,,23161,143,10,10,https://www.easycalculation.com/formulas/index.php,358,0,0
1784784135760,642,HTTP Request EC4,200,OK,NON GUI TestCases using csv fies 1-6,text,true,,21848,270,10,10,https://www.easycalculation.com/examples.php,302,0,0
1784784135760,302,HTTP Request EC4-0,301,Moved Permanently,NON GUI TestCases using csv fies 1-6,text,true,,374,133,10,10,http://easycalculation.com/examples.php,302,0,0
1784784136062,340,HTTP Request EC4-1,200,OK,NON GUI TestCases using csv fies 1-6,text,true,,21474,137,10,10,https://www.easycalculation.com/examples.php,328,0,0
1784784135428,1004,HTTP Request easycal,200,OK,NON GUI TestCases using csv fies 1-7,text,true,,58970,272,10,10,https://www.easycalculation.com/faq/index.php,331,0,0
1784784135428,331,HTTP Request easycal-0,301,Moved Permanently,NON GUI TestCases using csv fies 1-7,text,true,,375,134,10,10,http://easycalculation.com/faq/index.php,331,0,0
1784784135760,672,HTTP Request easycal-1,200,OK,NON GUI TestCases using csv fies 1-7,text,true,,58595,138,10,10,https://www.easycalculation.com/faq/index.php,383,0,0
1784784136402,626,HTTP RequestEC5,200,OK,NON GUI TestCases using csv fies 1-6,text,true,,31978,288,10,10,https://www.easycalculation.com/charts-and-tables.php,295,0,0
1784784136402,295,HTTP RequestEC5-0,301,Moved Permanently,NON GUI TestCases using csv fies 1-6,text,true,,383,142,10,10,http://easycalculation.com/charts-and-tables.php,295,0,0
1784784136697,331,HTTP RequestEC5-1,200,OK,NON GUI TestCases using csv fies 1-6,text,true,,31595,146,10,10,https://www.easycalculation.com/charts-and-tables.php,330,0,0
1784784136261,1012,HTTP Request easycal,200,OK,NON GUI TestCases using csv fies 1-2,text,true,,58970,272,10,10,https://www.easycalculation.com/faq/index.php,324,0,0
1784784136261,324,HTTP Request easycal-0,301,Moved Permanently,NON GUI TestCases using csv fies 1-2,text,true,,375,134,10,10,http://easycalculation.com/faq/index.php,324,0,0
1784784136585,688,HTTP Request easycal-1,200,OK,NON GUI TestCases using csv fies 1-2,text,true,,58595,138,10,10,https://www.easycalculation.com/faq/index.php,356,0,0
1784784137029,634,HTTP Request EC6,200,OK,NON GUI TestCases using csv fies 1-6,text,true,,23541,282,10,10,https://www.easycalculation.com/formulas/index.php,293,0,0
1784784137029,293,HTTP Request EC6-0,301,Moved Permanently,NON GUI TestCases using csv fies 1-6,text,true,,380,139,10,10,http://easycalculation.com/formulas/index.php,293,0,0
1784784137322,341,HTTP Request EC6-1,200,OK,NON GUI TestCases using csv fies 1-6,text,true,,23161,143,10,10,https://www.easycalculation.com/formulas/index.php,334,0,0
1784784137664,927,HTTP Request easycal,200,OK,NON GUI TestCases using csv fies 1-6,text,true,,58970,272,10,10,https://www.easycalculation.com/faq/index.php,286,0,0
1784784137664,286,HTTP Request easycal-0,301,Moved Permanently,NON GUI TestCases using csv fies 1-6,text,true,,375,134,10,10,http://easycalculation.com/faq/index.php,286,0,0
1784784137950,641,HTTP Request easycal-1,200,OK,NON GUI TestCases using csv fies 1-6,text,true,,58595,138,10,10,https://www.easycalculation.com/faq/index.php,324,0,0
1784784127478,16670,HTTP Request practiceautomation,200,OK,NON GUI TestCases using csv fies 1-9,text,true,,123418,296,10,10,https://practicetestautomation.com/practice-test-login/,120,0,0
1784784127478,120,HTTP Request practiceautomation-0,301,Moved Permanently,NON GUI TestCases using csv fies 1-9,text,true,,1388,148,10,10,http://practicetestautomation.com/practice-test-login/,120,0,0
1784784127599,16549,HTTP Request practiceautomation-1,200,OK,NON GUI TestCases using csv fies 1-9,text,true,,122030,148,10,10,https://practicetestautomation.com/practice-test-login/,16353,0,0
1784784127623,16667,HTTP Request PA2,200,OK,NON GUI TestCases using csv fies 1-10,text,true,,160745,272,10,10,https://practicetestautomation.com/courses/,118,0,0
1784784127623,119,HTTP Request PA2-0,301,Moved Permanently,NON GUI TestCases using csv fies 1-10,text,true,,1382,136,10,10,http://practicetestautomation.com/courses/,118,0,0
1784784127743,16547,HTTP Request PA2-1,200,OK,NON GUI TestCases using csv fies 1-10,text,true,,159363,136,10,10,https://practicetestautomation.com/courses/,16290,0,0
1784784144291,0,,Non HTTP response code: java.net.MalformedURLException,Non HTTP response message: Illegal character found in host: '/',NON GUI TestCases using csv fies 1-10,text,false,,875,0,10,10,null,0,0,0
1784784144292,1909, HTTP Request EC2,200,OK,NON GUI TestCases using csv fies 1-10,text,true,,24641,296,10,10,https://www.easycalculation.com/unit-conversion/index.php,587,0,288
1784784144292,587, HTTP Request EC2-0,301,Moved Permanently,NON GUI TestCases using csv fies 1-10,text,true,,387,146,10,10,http://easycalculation.com/unit-conversion/index.php,587,0,288
1784784144879,1322, HTTP Request EC2-1,200,OK,NON GUI TestCases using csv fies 1-10,text,true,,24254,150,10,10,https://www.easycalculation.com/unit-conversion/index.php,1300,0,673
1784784146201,674,HTTP Request EC3,200,OK,NON GUI TestCases using csv fies 1-10,text,true,,20179,302,10,10,https://www.easycalculation.com/currency-converter/index.php,301,0,0
1784784146201,301,HTTP Request EC3-0,301,Moved Permanently,NON GUI TestCases using csv fies 1-10,text,true,,390,149,10,10,http://easycalculation.com/currency-converter/index.php,301,0,0
1784784146503,372,HTTP Request EC3-1,200,OK,NON GUI TestCases using csv fies 1-10,text,true,,19789,153,10,10,https://www.easycalculation.com/currency-converter/index.php,372,0,0
1784784129707,17255,HTTP Request PA3,200,OK,NON GUI TestCases using csv fies 1-8,text,true,,125198,274,10,10,https://practicetestautomation.com/practice/,133,0,0
1784784129707,134,HTTP Request PA3-0,301,Moved Permanently,NON GUI TestCases using csv fies 1-8,text,true,,1375,137,10,10,http://practicetestautomation.com/practice/,133,0,0
1784784129841,17121,HTTP Request PA3-1,200,OK,NON GUI TestCases using csv fies 1-8,text,true,,123823,137,10,10,https://practicetestautomation.com/practice/,17039,0,0
1784784131048,16038,HTTP Request practiceautomation,200,OK,NON GUI TestCases using csv fies 1-5,text,true,,123408,296,10,10,https://practicetestautomation.com/practice-test-login/,144,0,0
1784784131048,144,HTTP Request practiceautomation-0,301,Moved Permanently,NON GUI TestCases using csv fies 1-5,text,true,,1388,148,10,10,http://practicetestautomation.com/practice-test-login/,144,0,0
1784784131192,15894,HTTP Request practiceautomation-1,200,OK,NON GUI TestCases using csv fies 1-5,text,true,,122020,148,10,10,https://practicetestautomation.com/practice-test-login/,15770,0,0
1784784131196,15941,HTTP Request PA3,200,OK,NON GUI TestCases using csv fies 1-3,text,true,,125200,274,10,10,https://practicetestautomation.com/practice/,117,0,0
1784784131196,119,HTTP Request PA3-0,301,Moved Permanently,NON GUI TestCases using csv fies 1-3,text,true,,1377,137,10,10,http://practicetestautomation.com/practice/,117,0,0
1784784131315,15822,HTTP Request PA3-1,200,OK,NON GUI TestCases using csv fies 1-3,text,true,,123823,137,10,10,https://practicetestautomation.com/practice/,15709,0,0
1784784146875,750,HTTP Request EC4,200,OK,NON GUI TestCases using csv fies 1-10,text,true,,21848,270,10,10,https://www.easycalculation.com/examples.php,307,0,0
1784784146875,307,HTTP Request EC4-0,301,Moved Permanently,NON GUI TestCases using csv fies 1-10,text,true,,374,133,10,10,http://easycalculation.com/examples.php,307,0,0
1784784147182,443,HTTP Request EC4-1,200,OK,NON GUI TestCases using csv fies 1-10,text,true,,21474,137,10,10,https://www.easycalculation.com/examples.php,442,0,0
1784784147625,959,HTTP RequestEC5,200,OK,NON GUI TestCases using csv fies 1-10,text,true,,31978,288,10,10,https://www.easycalculation.com/charts-and-tables.php,297,0,0
1784784147625,297,HTTP RequestEC5-0,301,Moved Permanently,NON GUI TestCases using csv fies 1-10,text,true,,383,142,10,10,http://easycalculation.com/charts-and-tables.php,297,0,0
1784784147922,662,HTTP RequestEC5-1,200,OK,NON GUI TestCases using csv fies 1-10,text,true,,31595,146,10,10,https://www.easycalculation.com/charts-and-tables.php,374,0,0
1784784131703,17274,HTTP Request practiceautomation,200,OK,NON GUI TestCases using csv fies 1-1,text,true,,123410,296,10,10,https://practicetestautomation.com/practice-test-login/,129,0,0
1784784131703,130,HTTP Request practiceautomation-0,301,Moved Permanently,NON GUI TestCases using csv fies 1-1,text,true,,1386,148,10,10,http://practicetestautomation.com/practice-test-login/,129,0,0
1784784131834,17143,HTTP Request practiceautomation-1,200,OK,NON GUI TestCases using csv fies 1-1,text,true,,122024,148,10,10,https://practicetestautomation.com/practice-test-login/,17040,0,0
1784784148584,722,HTTP Request EC6,200,OK,NON GUI TestCases using csv fies 1-10,text,true,,23541,282,10,10,https://www.easycalculation.com/formulas/index.php,334,0,0
1784784148584,334,HTTP Request EC6-0,301,Moved Permanently,NON GUI TestCases using csv fies 1-10,text,true,,380,139,10,10,http://easycalculation.com/formulas/index.php,334,0,0
1784784148918,388,HTTP Request EC6-1,200,OK,NON GUI TestCases using csv fies 1-10,text,true,,23161,143,10,10,https://www.easycalculation.com/formulas/index.php,387,0,0
1784784149307,1052,HTTP Request easycal,200,OK,NON GUI TestCases using csv fies 1-10,text,true,,58970,272,10,10,https://www.easycalculation.com/faq/index.php,321,0,0
1784784149307,321,HTTP Request easycal-0,301,Moved Permanently,NON GUI TestCases using csv fies 1-10,text,true,,375,134,10,10,http://easycalculation.com/faq/index.php,321,0,0
1784784149628,731,HTTP Request easycal-1,200,OK,NON GUI TestCases using csv fies 1-10,text,true,,58595,138,10,10,https://www.easycalculation.com/faq/index.php,413,0,0
1784784135078,16274,HTTP Request PA2,200,OK,NON GUI TestCases using csv fies 1-4,text,true,,160753,272,10,10,https://practicetestautomation.com/courses/,259,0,123
1784784135078,260,HTTP Request PA2-0,301,Moved Permanently,NON GUI TestCases using csv fies 1-4,text,true,,1378,136,10,10,http://practicetestautomation.com/courses/,259,0,123
1784784135338,16014,HTTP Request PA2-1,200,OK,NON GUI TestCases using csv fies 1-4,text,true,,159375,136,10,10,https://practicetestautomation.com/courses/,15730,0,287
1784784151353,0,,Non HTTP response code: java.net.MalformedURLException,Non HTTP response message: Illegal character found in host: '/',NON GUI TestCases using csv fies 1-4,text,false,,875,0,10,10,null,0,0,0
1784784138591,13689,HTTP Request practiceautomation,200,OK,NON GUI TestCases using csv fies 1-6,text,true,,123429,296,10,10,https://practicetestautomation.com/practice-test-login/,264,0,121
1784784138591,264,HTTP Request practiceautomation-0,301,Moved Permanently,NON GUI TestCases using csv fies 1-6,text,true,,1397,148,10,10,http://practicetestautomation.com/practice-test-login/,264,0,121
1784784138856,13424,HTTP Request practiceautomation-1,200,OK,NON GUI TestCases using csv fies 1-6,text,true,,122032,148,10,10,https://practicetestautomation.com/practice-test-login/,13137,0,254
1784784137273,15019,HTTP Request practiceautomation,200,OK,NON GUI TestCases using csv fies 1-2,text,true,,123405,296,10,10,https://practicetestautomation.com/practice-test-login/,232,0,102
1784784137273,232,HTTP Request practiceautomation-0,301,Moved Permanently,NON GUI TestCases using csv fies 1-2,text,true,,1385,148,10,10,http://practicetestautomation.com/practice-test-login/,232,0,102
1784784137505,14787,HTTP Request practiceautomation-1,200,OK,NON GUI TestCases using csv fies 1-2,text,true,,122020,148,10,10,https://practicetestautomation.com/practice-test-login/,14537,0,243
1784784136432,15894,HTTP Request practiceautomation,200,OK,NON GUI TestCases using csv fies 1-7,text,true,,123413,296,10,10,https://practicetestautomation.com/practice-test-login/,264,0,122
1784784136432,264,HTTP Request practiceautomation-0,301,Moved Permanently,NON GUI TestCases using csv fies 1-7,text,true,,1386,148,10,10,http://practicetestautomation.com/practice-test-login/,264,0,122
1784784136697,15629,HTTP Request practiceautomation-1,200,OK,NON GUI TestCases using csv fies 1-7,text,true,,122027,148,10,10,https://practicetestautomation.com/practice-test-login/,15345,0,251
1784784151353,1903, HTTP Request EC2,200,OK,NON GUI TestCases using csv fies 1-4,text,true,,24641,296,10,10,https://www.easycalculation.com/unit-conversion/index.php,670,0,278
1784784151353,670, HTTP Request EC2-0,301,Moved Permanently,NON GUI TestCases using csv fies 1-4,text,true,,387,146,10,10,http://easycalculation.com/unit-conversion/index.php,670,0,278
1784784152024,1232, HTTP Request EC2-1,200,OK,NON GUI TestCases using csv fies 1-4,text,true,,24254,150,10,10,https://www.easycalculation.com/unit-conversion/index.php,1204,0,602
1784784153256,644,HTTP Request EC3,200,OK,NON GUI TestCases using csv fies 1-4,text,true,,20179,302,10,10,https://www.easycalculation.com/currency-converter/index.php,279,0,0
1784784153256,279,HTTP Request EC3-0,301,Moved Permanently,NON GUI TestCases using csv fies 1-4,text,true,,390,149,10,10,http://easycalculation.com/currency-converter/index.php,279,0,0
1784784153536,364,HTTP Request EC3-1,200,OK,NON GUI TestCases using csv fies 1-4,text,true,,19789,153,10,10,https://www.easycalculation.com/currency-converter/index.php,342,0,0
1784784153900,653,HTTP Request EC4,200,OK,NON GUI TestCases using csv fies 1-4,text,true,,21848,270,10,10,https://www.easycalculation.com/examples.php,277,0,0
1784784153900,277,HTTP Request EC4-0,301,Moved Permanently,NON GUI TestCases using csv fies 1-4,text,true,,374,133,10,10,http://easycalculation.com/examples.php,277,0,0
1784784154177,376,HTTP Request EC4-1,200,OK,NON GUI TestCases using csv fies 1-4,text,true,,21474,137,10,10,https://www.easycalculation.com/examples.php,368,0,0
1784784154553,629,HTTP RequestEC5,200,OK,NON GUI TestCases using csv fies 1-4,text,true,,31978,288,10,10,https://www.easycalculation.com/charts-and-tables.php,284,0,0
1784784154553,284,HTTP RequestEC5-0,301,Moved Permanently,NON GUI TestCases using csv fies 1-4,text,true,,383,142,10,10,http://easycalculation.com/charts-and-tables.php,284,0,0
1784784154837,345,HTTP RequestEC5-1,200,OK,NON GUI TestCases using csv fies 1-4,text,true,,31595,146,10,10,https://www.easycalculation.com/charts-and-tables.php,302,0,0
1784784155183,610,HTTP Request EC6,200,OK,NON GUI TestCases using csv fies 1-4,text,true,,23541,282,10,10,https://www.easycalculation.com/formulas/index.php,289,0,0
1784784155183,289,HTTP Request EC6-0,301,Moved Permanently,NON GUI TestCases using csv fies 1-4,text,true,,380,139,10,10,http://easycalculation.com/formulas/index.php,289,0,0
1784784155473,320,HTTP Request EC6-1,200,OK,NON GUI TestCases using csv fies 1-4,text,true,,23161,143,10,10,https://www.easycalculation.com/formulas/index.php,317,0,0
1784784144149,12105,HTTP Request PA3,200,OK,NON GUI TestCases using csv fies 1-9,text,true,,125208,274,10,10,https://practicetestautomation.com/practice/,230,0,104
1784784144149,230,HTTP Request PA3-0,301,Moved Permanently,NON GUI TestCases using csv fies 1-9,text,true,,1378,137,10,10,http://practicetestautomation.com/practice/,230,0,104
1784784144379,11875,HTTP Request PA3-1,200,OK,NON GUI TestCases using csv fies 1-9,text,true,,123830,137,10,10,https://practicetestautomation.com/practice/,11678,0,241
1784784155794,943,HTTP Request easycal,200,OK,NON GUI TestCases using csv fies 1-4,text,true,,58970,272,10,10,https://www.easycalculation.com/faq/index.php,324,0,0
1784784155794,324,HTTP Request easycal-0,301,Moved Permanently,NON GUI TestCases using csv fies 1-4,text,true,,375,134,10,10,http://easycalculation.com/faq/index.php,324,0,0
1784784156118,619,HTTP Request easycal-1,200,OK,NON GUI TestCases using csv fies 1-4,text,true,,58595,138,10,10,https://www.easycalculation.com/faq/index.php,309,0,0
1784784147087,10153,HTTP Request PA3,200,OK,NON GUI TestCases using csv fies 1-5,text,true,,125055,274,10,10,https://practicetestautomation.com/practice/,231,0,100
1784784147087,231,HTTP Request PA3-0,301,Moved Permanently,NON GUI TestCases using csv fies 1-5,text,true,,1380,137,10,10,http://practicetestautomation.com/practice/,231,0,100
1784784147319,9921,HTTP Request PA3-1,200,OK,NON GUI TestCases using csv fies 1-5,text,true,,123675,137,10,10,https://practicetestautomation.com/practice/,9743,0,298
1784784146963,11418,HTTP Request PA2,200,OK,NON GUI TestCases using csv fies 1-8,text,true,,160587,272,10,10,https://practicetestautomation.com/courses/,330,0,173
1784784146963,330,HTTP Request PA2-0,301,Moved Permanently,NON GUI TestCases using csv fies 1-8,text,true,,1370,136,10,10,http://practicetestautomation.com/courses/,330,0,173
1784784147293,11088,HTTP Request PA2-1,200,OK,NON GUI TestCases using csv fies 1-8,text,true,,159217,136,10,10,https://practicetestautomation.com/courses/,10787,0,324
1784784158381,0,,Non HTTP response code: java.net.MalformedURLException,Non HTTP response message: Illegal character found in host: '/',NON GUI TestCases using csv fies 1-8,text,false,,875,0,10,10,null,0,0,0
1784784147141,11253,HTTP Request PA2,200,OK,NON GUI TestCases using csv fies 1-3,text,true,,160739,272,10,10,https://practicetestautomation.com/courses/,248,0,114
1784784147141,248,HTTP Request PA2-0,301,Moved Permanently,NON GUI TestCases using csv fies 1-3,text,true,,1378,136,10,10,http://practicetestautomation.com/courses/,248,0,114
1784784147389,11005,HTTP Request PA2-1,200,OK,NON GUI TestCases using csv fies 1-3,text,true,,159361,136,10,10,https://practicetestautomation.com/courses/,10751,0,352
1784784158393,0,,Non HTTP response code: java.net.MalformedURLException,Non HTTP response message: Illegal character found in host: '/',NON GUI TestCases using csv fies 1-3,text,false,,875,0,10,10,null,0,0,0
1784784148979,11322,HTTP Request PA3,200,OK,NON GUI TestCases using csv fies 1-1,text,true,,125220,274,10,10,https://practicetestautomation.com/practice/,326,0,114
1784784148979,326,HTTP Request PA3-0,301,Moved Permanently,NON GUI TestCases using csv fies 1-1,text,true,,1386,137,10,10,http://practicetestautomation.com/practice/,326,0,114
1784784149306,10995,HTTP Request PA3-1,200,OK,NON GUI TestCases using csv fies 1-1,text,true,,123834,137,10,10,https://practicetestautomation.com/practice/,10776,0,267
1784784158382,1959, HTTP Request EC2,200,OK,NON GUI TestCases using csv fies 1-8,text,true,,24641,296,10,10,https://www.easycalculation.com/unit-conversion/index.php,669,0,356
1784784158382,669, HTTP Request EC2-0,301,Moved Permanently,NON GUI TestCases using csv fies 1-8,text,true,,387,146,10,10,http://easycalculation.com/unit-conversion/index.php,669,0,356
1784784159051,1290, HTTP Request EC2-1,200,OK,NON GUI TestCases using csv fies 1-8,text,true,,24254,150,10,10,https://www.easycalculation.com/unit-conversion/index.php,1290,0,655
1784784158393,1962, HTTP Request EC2,200,OK,NON GUI TestCases using csv fies 1-3,text,true,,24641,296,10,10,https://www.easycalculation.com/unit-conversion/index.php,674,0,345
1784784158393,674, HTTP Request EC2-0,301,Moved Permanently,NON GUI TestCases using csv fies 1-3,text,true,,387,146,10,10,http://easycalculation.com/unit-conversion/index.php,674,0,345
1784784159067,1288, HTTP Request EC2-1,200,OK,NON GUI TestCases using csv fies 1-3,text,true,,24254,150,10,10,https://www.easycalculation.com/unit-conversion/index.php,1282,0,639
1784784160342,651,HTTP Request EC3,200,OK,NON GUI TestCases using csv fies 1-8,text,true,,20179,302,10,10,https://www.easycalculation.com/currency-converter/index.php,354,0,0
1784784160342,354,HTTP Request EC3-0,301,Moved Permanently,NON GUI TestCases using csv fies 1-8,text,true,,390,149,10,10,http://easycalculation.com/currency-converter/index.php,354,0,0
1784784160696,297,HTTP Request EC3-1,200,OK,NON GUI TestCases using csv fies 1-8,text,true,,19789,153,10,10,https://www.easycalculation.com/currency-converter/index.php,297,0,0
1784784160356,720,HTTP Request EC3,200,OK,NON GUI TestCases using csv fies 1-3,text,true,,20179,302,10,10,https://www.easycalculation.com/currency-converter/index.php,355,0,0
1784784160356,355,HTTP Request EC3-0,301,Moved Permanently,NON GUI TestCases using csv fies 1-3,text,true,,390,149,10,10,http://easycalculation.com/currency-converter/index.php,355,0,0
1784784160711,365,HTTP Request EC3-1,200,OK,NON GUI TestCases using csv fies 1-3,text,true,,19789,153,10,10,https://www.easycalculation.com/currency-converter/index.php,365,0,0
1784784150361,10955,HTTP Request practiceautomation,200,OK,NON GUI TestCases using csv fies 1-10,text,true,,123414,296,10,10,https://practicetestautomation.com/practice-test-login/,224,0,109
1784784150361,224,HTTP Request practiceautomation-0,301,Moved Permanently,NON GUI TestCases using csv fies 1-10,text,true,,1390,148,10,10,http://practicetestautomation.com/practice-test-login/,224,0,109
1784784150585,10731,HTTP Request practiceautomation-1,200,OK,NON GUI TestCases using csv fies 1-10,text,true,,122024,148,10,10,https://practicetestautomation.com/practice-test-login/,10496,0,242
1784784160994,640,HTTP Request EC4,200,OK,NON GUI TestCases using csv fies 1-8,text,true,,21848,270,10,10,https://www.easycalculation.com/examples.php,320,0,0
1784784160994,320,HTTP Request EC4-0,301,Moved Permanently,NON GUI TestCases using csv fies 1-8,text,true,,374,133,10,10,http://easycalculation.com/examples.php,320,0,0
1784784161315,319,HTTP Request EC4-1,200,OK,NON GUI TestCases using csv fies 1-8,text,true,,21474,137,10,10,https://www.easycalculation.com/examples.php,315,0,0
1784784161076,635,HTTP Request EC4,200,OK,NON GUI TestCases using csv fies 1-3,text,true,,21848,270,10,10,https://www.easycalculation.com/examples.php,312,0,0
1784784161076,312,HTTP Request EC4-0,301,Moved Permanently,NON GUI TestCases using csv fies 1-3,text,true,,374,133,10,10,http://easycalculation.com/examples.php,312,0,0
1784784161388,323,HTTP Request EC4-1,200,OK,NON GUI TestCases using csv fies 1-3,text,true,,21474,137,10,10,https://www.easycalculation.com/examples.php,322,0,0
1784784152281,9820,HTTP Request PA3,200,OK,NON GUI TestCases using csv fies 1-6,text,true,,125201,274,10,10,https://practicetestautomation.com/practice/,113,0,0
1784784152281,113,HTTP Request PA3-0,301,Moved Permanently,NON GUI TestCases using csv fies 1-6,text,true,,1373,137,10,10,http://practicetestautomation.com/practice/,113,0,0
1784784152394,9707,HTTP Request PA3-1,200,OK,NON GUI TestCases using csv fies 1-6,text,true,,123828,137,10,10,https://practicetestautomation.com/practice/,9474,0,0
1784784152327,9775,HTTP Request PA3,200,OK,NON GUI TestCases using csv fies 1-7,text,true,,125207,274,10,10,https://practicetestautomation.com/practice/,123,0,0
1784784152327,124,HTTP Request PA3-0,301,Moved Permanently,NON GUI TestCases using csv fies 1-7,text,true,,1383,137,10,10,http://practicetestautomation.com/practice/,123,0,0
1784784152451,9651,HTTP Request PA3-1,200,OK,NON GUI TestCases using csv fies 1-7,text,true,,123824,137,10,10,https://practicetestautomation.com/practice/,9447,0,0
1784784152292,9854,HTTP Request PA3,200,OK,NON GUI TestCases using csv fies 1-2,text,true,,125201,274,10,10,https://practicetestautomation.com/practice/,131,0,0
1784784152292,131,HTTP Request PA3-0,301,Moved Permanently,NON GUI TestCases using csv fies 1-2,text,true,,1379,137,10,10,http://practicetestautomation.com/practice/,131,0,0
1784784152424,9722,HTTP Request PA3-1,200,OK,NON GUI TestCases using csv fies 1-2,text,true,,123822,137,10,10,https://practicetestautomation.com/practice/,9511,0,0
1784784161635,1059,HTTP RequestEC5,200,OK,NON GUI TestCases using csv fies 1-8,text,true,,31978,288,10,10,https://www.easycalculation.com/charts-and-tables.php,465,0,0
1784784161635,465,HTTP RequestEC5-0,301,Moved Permanently,NON GUI TestCases using csv fies 1-8,text,true,,383,142,10,10,http://easycalculation.com/charts-and-tables.php,465,0,0
1784784162101,593,HTTP RequestEC5-1,200,OK,NON GUI TestCases using csv fies 1-8,text,true,,31595,146,10,10,https://www.easycalculation.com/charts-and-tables.php,309,0,0
1784784161712,1003,HTTP RequestEC5,200,OK,NON GUI TestCases using csv fies 1-3,text,true,,31978,288,10,10,https://www.easycalculation.com/charts-and-tables.php,392,0,0
1784784161712,392,HTTP RequestEC5-0,301,Moved Permanently,NON GUI TestCases using csv fies 1-3,text,true,,383,142,10,10,http://easycalculation.com/charts-and-tables.php,392,0,0
1784784162104,611,HTTP RequestEC5-1,200,OK,NON GUI TestCases using csv fies 1-3,text,true,,31595,146,10,10,https://www.easycalculation.com/charts-and-tables.php,325,0,0
1784784162695,611,HTTP Request EC6,200,OK,NON GUI TestCases using csv fies 1-8,text,true,,23541,282,10,10,https://www.easycalculation.com/formulas/index.php,295,0,0
1784784162695,295,HTTP Request EC6-0,301,Moved Permanently,NON GUI TestCases using csv fies 1-8,text,true,,380,139,10,10,http://easycalculation.com/formulas/index.php,295,0,0
1784784162990,316,HTTP Request EC6-1,200,OK,NON GUI TestCases using csv fies 1-8,text,true,,23161,143,10,10,https://www.easycalculation.com/formulas/index.php,311,0,0
1784784162715,661,HTTP Request EC6,200,OK,NON GUI TestCases using csv fies 1-3,text,true,,23541,282,10,10,https://www.easycalculation.com/formulas/index.php,313,0,0
1784784162715,313,HTTP Request EC6-0,301,Moved Permanently,NON GUI TestCases using csv fies 1-3,text,true,,380,139,10,10,http://easycalculation.com/formulas/index.php,313,0,0
1784784163029,347,HTTP Request EC6-1,200,OK,NON GUI TestCases using csv fies 1-3,text,true,,23161,143,10,10,https://www.easycalculation.com/formulas/index.php,326,0,0
1784784163307,909,HTTP Request easycal,200,OK,NON GUI TestCases using csv fies 1-8,text,true,,58970,272,10,10,https://www.easycalculation.com/faq/index.php,311,0,0
1784784163307,311,HTTP Request easycal-0,301,Moved Permanently,NON GUI TestCases using csv fies 1-8,text,true,,375,134,10,10,http://easycalculation.com/faq/index.php,311,0,0
1784784163619,597,HTTP Request easycal-1,200,OK,NON GUI TestCases using csv fies 1-8,text,true,,58595,138,10,10,https://www.easycalculation.com/faq/index.php,298,0,0
1784784163376,945,HTTP Request easycal,200,OK,NON GUI TestCases using csv fies 1-3,text,true,,58970,272,10,10,https://www.easycalculation.com/faq/index.php,302,0,0
1784784163376,302,HTTP Request easycal-0,301,Moved Permanently,NON GUI TestCases using csv fies 1-3,text,true,,375,134,10,10,http://easycalculation.com/faq/index.php,302,0,0
1784784163679,642,HTTP Request easycal-1,200,OK,NON GUI TestCases using csv fies 1-3,text,true,,58595,138,10,10,https://www.easycalculation.com/faq/index.php,344,0,0
1784784156254,9792,HTTP Request PA2,200,OK,NON GUI TestCases using csv fies 1-9,text,true,,160730,272,10,10,https://practicetestautomation.com/courses/,126,0,0
1784784156254,130,HTTP Request PA2-0,301,Moved Permanently,NON GUI TestCases using csv fies 1-9,text,true,,1372,136,10,10,http://practicetestautomation.com/courses/,126,0,0
1784784156384,9662,HTTP Request PA2-1,200,OK,NON GUI TestCases using csv fies 1-9,text,true,,159358,136,10,10,https://practicetestautomation.com/courses/,9482,0,0
1784784166047,0,,Non HTTP response code: java.net.MalformedURLException,Non HTTP response message: Illegal character found in host: '/',NON GUI TestCases using csv fies 1-9,text,false,,875,0,10,10,null,0,0,0
1784784156738,10436,HTTP Request practiceautomation,200,OK,NON GUI TestCases using csv fies 1-4,text,true,,123416,296,10,10,https://practicetestautomation.com/practice-test-login/,154,0,0
1784784156738,154,HTTP Request practiceautomation-0,301,Moved Permanently,NON GUI TestCases using csv fies 1-4,text,true,,1390,148,10,10,http://practicetestautomation.com/practice-test-login/,154,0,0
1784784156892,10282,HTTP Request practiceautomation-1,200,OK,NON GUI TestCases using csv fies 1-4,text,true,,122026,148,10,10,https://practicetestautomation.com/practice-test-login/,10176,0,0
1784784166047,1980, HTTP Request EC2,200,OK,NON GUI TestCases using csv fies 1-9,text,true,,24641,296,10,10,https://www.easycalculation.com/unit-conversion/index.php,607,0,304
1784784166047,607, HTTP Request EC2-0,301,Moved Permanently,NON GUI TestCases using csv fies 1-9,text,true,,387,146,10,10,http://easycalculation.com/unit-conversion/index.php,607,0,304
1784784166654,1373, HTTP Request EC2-1,200,OK,NON GUI TestCases using csv fies 1-9,text,true,,24254,150,10,10,https://www.easycalculation.com/unit-conversion/index.php,1343,0,687
1784784157239,10792,HTTP Request PA2,200,OK,NON GUI TestCases using csv fies 1-5,text,true,,160586,272,10,10,https://practicetestautomation.com/courses/,143,0,0
1784784157239,151,HTTP Request PA2-0,301,Moved Permanently,NON GUI TestCases using csv fies 1-5,text,true,,1376,136,10,10,http://practicetestautomation.com/courses/,143,0,0
1784784157391,10640,HTTP Request PA2-1,200,OK,NON GUI TestCases using csv fies 1-5,text,true,,159210,136,10,10,https://practicetestautomation.com/courses/,10464,0,0
1784784168031,0,,Non HTTP response code: java.net.MalformedURLException,Non HTTP response message: Illegal character found in host: '/',NON GUI TestCases using csv fies 1-5,text,false,,875,0,10,10,null,0,0,0
1784784168027,642,HTTP Request EC3,200,OK,NON GUI TestCases using csv fies 1-9,text,true,,20179,302,10,10,https://www.easycalculation.com/currency-converter/index.php,308,0,0
1784784168027,308,HTTP Request EC3-0,301,Moved Permanently,NON GUI TestCases using csv fies 1-9,text,true,,390,149,10,10,http://easycalculation.com/currency-converter/index.php,308,0,0
1784784168335,334,HTTP Request EC3-1,200,OK,NON GUI TestCases using csv fies 1-9,text,true,,19789,153,10,10,https://www.easycalculation.com/currency-converter/index.php,332,0,0
1784784160301,8696,HTTP Request PA2,200,OK,NON GUI TestCases using csv fies 1-1,text,true,,160744,272,10,10,https://practicetestautomation.com/courses/,126,0,0
1784784160301,126,HTTP Request PA2-0,301,Moved Permanently,NON GUI TestCases using csv fies 1-1,text,true,,1378,136,10,10,http://practicetestautomation.com/courses/,126,0,0
1784784160427,8570,HTTP Request PA2-1,200,OK,NON GUI TestCases using csv fies 1-1,text,true,,159366,136,10,10,https://practicetestautomation.com/courses/,8430,0,0
1784784168998,0,,Non HTTP response code: java.net.MalformedURLException,Non HTTP response message: Illegal character found in host: '/',NON GUI TestCases using csv fies 1-1,text,false,,875,0,10,10,null,0,0,0
1784784168669,652,HTTP Request EC4,200,OK,NON GUI TestCases using csv fies 1-9,text,true,,21848,270,10,10,https://www.easycalculation.com/examples.php,301,0,0
1784784168669,301,HTTP Request EC4-0,301,Moved Permanently,NON GUI TestCases using csv fies 1-9,text,true,,374,133,10,10,http://easycalculation.com/examples.php,301,0,0
1784784168970,351,HTTP Request EC4-1,200,OK,NON GUI TestCases using csv fies 1-9,text,true,,21474,137,10,10,https://www.easycalculation.com/examples.php,338,0,0
1784784168032,1837, HTTP Request EC2,200,OK,NON GUI TestCases using csv fies 1-5,text,true,,24641,296,10,10,https://www.easycalculation.com/unit-conversion/index.php,589,0,297
1784784168032,589, HTTP Request EC2-0,301,Moved Permanently,NON GUI TestCases using csv fies 1-5,text,true,,387,146,10,10,http://easycalculation.com/unit-conversion/index.php,589,0,297
1784784168622,1247, HTTP Request EC2-1,200,OK,NON GUI TestCases using csv fies 1-5,text,true,,24254,150,10,10,https://www.easycalculation.com/unit-conversion/index.php,1238,0,632
1784784169321,671,HTTP RequestEC5,200,OK,NON GUI TestCases using csv fies 1-9,text,true,,31978,288,10,10,https://www.easycalculation.com/charts-and-tables.php,315,0,0
1784784169321,315,HTTP RequestEC5-0,301,Moved Permanently,NON GUI TestCases using csv fies 1-9,text,true,,383,142,10,10,http://easycalculation.com/charts-and-tables.php,315,0,0
1784784169636,356,HTTP RequestEC5-1,200,OK,NON GUI TestCases using csv fies 1-9,text,true,,31595,146,10,10,https://www.easycalculation.com/charts-and-tables.php,353,0,0
1784784169869,716,HTTP Request EC3,200,OK,NON GUI TestCases using csv fies 1-5,text,true,,20179,302,10,10,https://www.easycalculation.com/currency-converter/index.php,302,0,0
1784784169869,302,HTTP Request EC3-0,301,Moved Permanently,NON GUI TestCases using csv fies 1-5,text,true,,390,149,10,10,http://easycalculation.com/currency-converter/index.php,302,0,0
1784784170171,414,HTTP Request EC3-1,200,OK,NON GUI TestCases using csv fies 1-5,text,true,,19789,153,10,10,https://www.easycalculation.com/currency-converter/index.php,414,0,0
1784784169992,679,HTTP Request EC6,200,OK,NON GUI TestCases using csv fies 1-9,text,true,,23541,282,10,10,https://www.easycalculation.com/formulas/index.php,302,0,0
1784784169992,302,HTTP Request EC6-0,301,Moved Permanently,NON GUI TestCases using csv fies 1-9,text,true,,380,139,10,10,http://easycalculation.com/formulas/index.php,302,0,0
1784784170294,377,HTTP Request EC6-1,200,OK,NON GUI TestCases using csv fies 1-9,text,true,,23161,143,10,10,https://www.easycalculation.com/formulas/index.php,343,0,0
1784784168999,1829, HTTP Request EC2,200,OK,NON GUI TestCases using csv fies 1-1,text,true,,24641,296,10,10,https://www.easycalculation.com/unit-conversion/index.php,575,0,274
1784784168999,575, HTTP Request EC2-0,301,Moved Permanently,NON GUI TestCases using csv fies 1-1,text,true,,387,146,10,10,http://easycalculation.com/unit-conversion/index.php,575,0,274
1784784169574,1254, HTTP Request EC2-1,200,OK,NON GUI TestCases using csv fies 1-1,text,true,,24254,150,10,10,https://www.easycalculation.com/unit-conversion/index.php,1213,0,599
1784784161316,9752,HTTP Request PA3,200,OK,NON GUI TestCases using csv fies 1-10,text,true,,125197,274,10,10,https://practicetestautomation.com/practice/,121,0,0
1784784161316,124,HTTP Request PA3-0,301,Moved Permanently,NON GUI TestCases using csv fies 1-10,text,true,,1371,137,10,10,http://practicetestautomation.com/practice/,121,0,0
1784784161440,9628,HTTP Request PA3-1,200,OK,NON GUI TestCases using csv fies 1-10,text,true,,123826,137,10,10,https://practicetestautomation.com/practice/,9498,0,0
1784784170586,638,HTTP Request EC4,200,OK,NON GUI TestCases using csv fies 1-5,text,true,,21848,270,10,10,https://www.easycalculation.com/examples.php,312,0,0
1784784170586,312,HTTP Request EC4-0,301,Moved Permanently,NON GUI TestCases using csv fies 1-5,text,true,,374,133,10,10,http://easycalculation.com/examples.php,312,0,0
1784784170898,326,HTTP Request EC4-1,200,OK,NON GUI TestCases using csv fies 1-5,text,true,,21474,137,10,10,https://www.easycalculation.com/examples.php,317,0,0
1784784170829,630,HTTP Request EC3,200,OK,NON GUI TestCases using csv fies 1-1,text,true,,20179,302,10,10,https://www.easycalculation.com/currency-converter/index.php,282,0,0
1784784170829,282,HTTP Request EC3-0,301,Moved Permanently,NON GUI TestCases using csv fies 1-1,text,true,,390,149,10,10,http://easycalculation.com/currency-converter/index.php,282,0,0
1784784171111,348,HTTP Request EC3-1,200,OK,NON GUI TestCases using csv fies 1-1,text,true,,19789,153,10,10,https://www.easycalculation.com/currency-converter/index.php,348,0,0
1784784170672,1084,HTTP Request easycal,200,OK,NON GUI TestCases using csv fies 1-9,text,true,,58970,272,10,10,https://www.easycalculation.com/faq/index.php,395,0,0
1784784170672,395,HTTP Request easycal-0,301,Moved Permanently,NON GUI TestCases using csv fies 1-9,text,true,,375,134,10,10,http://easycalculation.com/faq/index.php,395,0,0
1784784171067,689,HTTP Request easycal-1,200,OK,NON GUI TestCases using csv fies 1-9,text,true,,58595,138,10,10,https://www.easycalculation.com/faq/index.php,360,0,0
1784784171224,637,HTTP RequestEC5,200,OK,NON GUI TestCases using csv fies 1-5,text,true,,31978,288,10,10,https://www.easycalculation.com/charts-and-tables.php,300,0,0
1784784171224,300,HTTP RequestEC5-0,301,Moved Permanently,NON GUI TestCases using csv fies 1-5,text,true,,383,142,10,10,http://easycalculation.com/charts-and-tables.php,300,0,0
1784784171524,337,HTTP RequestEC5-1,200,OK,NON GUI TestCases using csv fies 1-5,text,true,,31595,146,10,10,https://www.easycalculation.com/charts-and-tables.php,332,0,0
1784784171460,615,HTTP Request EC4,200,OK,NON GUI TestCases using csv fies 1-1,text,true,,21848,270,10,10,https://www.easycalculation.com/examples.php,296,0,0
1784784171460,296,HTTP Request EC4-0,301,Moved Permanently,NON GUI TestCases using csv fies 1-1,text,true,,374,133,10,10,http://easycalculation.com/examples.php,296,0,0
1784784171757,318,HTTP Request EC4-1,200,OK,NON GUI TestCases using csv fies 1-1,text,true,,21474,137,10,10,https://www.easycalculation.com/examples.php,318,0,0
1784784171861,618,HTTP Request EC6,200,OK,NON GUI TestCases using csv fies 1-5,text,true,,23541,282,10,10,https://www.easycalculation.com/formulas/index.php,285,0,0
1784784171861,285,HTTP Request EC6-0,301,Moved Permanently,NON GUI TestCases using csv fies 1-5,text,true,,380,139,10,10,http://easycalculation.com/formulas/index.php,285,0,0
1784784172146,333,HTTP Request EC6-1,200,OK,NON GUI TestCases using csv fies 1-5,text,true,,23161,143,10,10,https://www.easycalculation.com/formulas/index.php,321,0,0
1784784172076,640,HTTP RequestEC5,200,OK,NON GUI TestCases using csv fies 1-1,text,true,,31978,288,10,10,https://www.easycalculation.com/charts-and-tables.php,294,0,0
1784784172076,294,HTTP RequestEC5-0,301,Moved Permanently,NON GUI TestCases using csv fies 1-1,text,true,,383,142,10,10,http://easycalculation.com/charts-and-tables.php,294,0,0
1784784172370,346,HTTP RequestEC5-1,200,OK,NON GUI TestCases using csv fies 1-1,text,true,,31595,146,10,10,https://www.easycalculation.com/charts-and-tables.php,320,0,0
1784784172717,623,HTTP Request EC6,200,OK,NON GUI TestCases using csv fies 1-1,text,true,,23541,282,10,10,https://www.easycalculation.com/formulas/index.php,293,0,0
1784784172717,293,HTTP Request EC6-0,301,Moved Permanently,NON GUI TestCases using csv fies 1-1,text,true,,380,139,10,10,http://easycalculation.com/formulas/index.php,293,0,0
1784784173010,330,HTTP Request EC6-1,200,OK,NON GUI TestCases using csv fies 1-1,text,true,,23161,143,10,10,https://www.easycalculation.com/formulas/index.php,309,0,0
1784784172479,980,HTTP Request easycal,200,OK,NON GUI TestCases using csv fies 1-5,text,true,,58970,272,10,10,https://www.easycalculation.com/faq/index.php,292,0,0
1784784172479,292,HTTP Request easycal-0,301,Moved Permanently,NON GUI TestCases using csv fies 1-5,text,true,,375,134,10,10,http://easycalculation.com/faq/index.php,292,0,0
1784784172771,688,HTTP Request easycal-1,200,OK,NON GUI TestCases using csv fies 1-5,text,true,,58595,138,10,10,https://www.easycalculation.com/faq/index.php,350,0,0
1784784162102,12051,HTTP Request PA2,200,OK,NON GUI TestCases using csv fies 1-7,text,true,,160745,272,10,10,https://practicetestautomation.com/courses/,138,0,0
1784784162102,138,HTTP Request PA2-0,301,Moved Permanently,NON GUI TestCases using csv fies 1-7,text,true,,1376,136,10,10,http://practicetestautomation.com/courses/,138,0,0
1784784162240,11913,HTTP Request PA2-1,200,OK,NON GUI TestCases using csv fies 1-7,text,true,,159369,136,10,10,https://practicetestautomation.com/courses/,11707,0,0
1784784174154,0,,Non HTTP response code: java.net.MalformedURLException,Non HTTP response message: Illegal character found in host: '/',NON GUI TestCases using csv fies 1-7,text,false,,875,0,10,10,null,0,0,0
1784784162102,12129,HTTP Request PA2,200,OK,NON GUI TestCases using csv fies 1-6,text,true,,160735,272,10,10,https://practicetestautomation.com/courses/,118,0,0
1784784162102,118,HTTP Request PA2-0,301,Moved Permanently,NON GUI TestCases using csv fies 1-6,text,true,,1372,136,10,10,http://practicetestautomation.com/courses/,118,0,0
1784784162220,12011,HTTP Request PA2-1,200,OK,NON GUI TestCases using csv fies 1-6,text,true,,159363,136,10,10,https://practicetestautomation.com/courses/,11780,0,0
1784784174232,0,,Non HTTP response code: java.net.MalformedURLException,Non HTTP response message: Illegal character found in host: '/',NON GUI TestCases using csv fies 1-6,text,false,,875,0,10,10,null,0,0,0
1784784162146,12093,HTTP Request PA2,200,OK,NON GUI TestCases using csv fies 1-2,text,true,,160739,272,10,10,https://practicetestautomation.com/courses/,135,0,0
1784784162146,136,HTTP Request PA2-0,301,Moved Permanently,NON GUI TestCases using csv fies 1-2,text,true,,1378,136,10,10,http://practicetestautomation.com/courses/,135,0,0
1784784162282,11957,HTTP Request PA2-1,200,OK,NON GUI TestCases using csv fies 1-2,text,true,,159361,136,10,10,https://practicetestautomation.com/courses/,11727,0,0
1784784174239,0,,Non HTTP response code: java.net.MalformedURLException,Non HTTP response message: Illegal character found in host: '/',NON GUI TestCases using csv fies 1-2,text,false,,875,0,10,10,null,0,0,0
1784784173341,1222,HTTP Request easycal,200,OK,NON GUI TestCases using csv fies 1-1,text,true,,58970,272,10,10,https://www.easycalculation.com/faq/index.php,343,0,0
1784784173341,343,HTTP Request easycal-0,301,Moved Permanently,NON GUI TestCases using csv fies 1-1,text,true,,375,134,10,10,http://easycalculation.com/faq/index.php,343,0,0
1784784173685,878,HTTP Request easycal-1,200,OK,NON GUI TestCases using csv fies 1-1,text,true,,58595,138,10,10,https://www.easycalculation.com/faq/index.php,463,0,0
1784784174232,953, HTTP Request EC2,200,OK,NON GUI TestCases using csv fies 1-6,text,true,,24641,296,10,10,https://www.easycalculation.com/unit-conversion/index.php,346,0,0
1784784174232,346, HTTP Request EC2-0,301,Moved Permanently,NON GUI TestCases using csv fies 1-6,text,true,,387,146,10,10,http://easycalculation.com/unit-conversion/index.php,346,0,0
1784784174579,606, HTTP Request EC2-1,200,OK,NON GUI TestCases using csv fies 1-6,text,true,,24254,150,10,10,https://www.easycalculation.com/unit-conversion/index.php,605,0,0
1784784174155,1066, HTTP Request EC2,200,OK,NON GUI TestCases using csv fies 1-7,text,true,,24641,296,10,10,https://www.easycalculation.com/unit-conversion/index.php,415,0,0
1784784174155,415, HTTP Request EC2-0,301,Moved Permanently,NON GUI TestCases using csv fies 1-7,text,true,,387,146,10,10,http://easycalculation.com/unit-conversion/index.php,415,0,0
1784784174570,651, HTTP Request EC2-1,200,OK,NON GUI TestCases using csv fies 1-7,text,true,,24254,150,10,10,https://www.easycalculation.com/unit-conversion/index.php,632,0,0
1784784174239,992, HTTP Request EC2,200,OK,NON GUI TestCases using csv fies 1-2,text,true,,24641,296,10,10,https://www.easycalculation.com/unit-conversion/index.php,339,0,0
1784784174239,339, HTTP Request EC2-0,301,Moved Permanently,NON GUI TestCases using csv fies 1-2,text,true,,387,146,10,10,http://easycalculation.com/unit-conversion/index.php,339,0,0
1784784174579,652, HTTP Request EC2-1,200,OK,NON GUI TestCases using csv fies 1-2,text,true,,24254,150,10,10,https://www.easycalculation.com/unit-conversion/index.php,648,0,0
1784784175186,905,HTTP Request EC3,200,OK,NON GUI TestCases using csv fies 1-6,text,true,,20179,302,10,10,https://www.easycalculation.com/currency-converter/index.php,281,0,0
1784784175186,281,HTTP Request EC3-0,301,Moved Permanently,NON GUI TestCases using csv fies 1-6,text,true,,390,149,10,10,http://easycalculation.com/currency-converter/index.php,281,0,0
1784784175467,624,HTTP Request EC3-1,200,OK,NON GUI TestCases using csv fies 1-6,text,true,,19789,153,10,10,https://www.easycalculation.com/currency-converter/index.php,320,0,0
1784784175221,931,HTTP Request EC3,200,OK,NON GUI TestCases using csv fies 1-7,text,true,,20179,302,10,10,https://www.easycalculation.com/currency-converter/index.php,319,0,0
1784784175221,319,HTTP Request EC3-0,301,Moved Permanently,NON GUI TestCases using csv fies 1-7,text,true,,390,149,10,10,http://easycalculation.com/currency-converter/index.php,319,0,0
1784784175540,612,HTTP Request EC3-1,200,OK,NON GUI TestCases using csv fies 1-7,text,true,,19789,153,10,10,https://www.easycalculation.com/currency-converter/index.php,325,0,0
1784784175231,988,HTTP Request EC3,200,OK,NON GUI TestCases using csv fies 1-2,text,true,,20179,302,10,10,https://www.easycalculation.com/currency-converter/index.php,326,0,0
1784784175231,326,HTTP Request EC3-0,301,Moved Permanently,NON GUI TestCases using csv fies 1-2,text,true,,390,149,10,10,http://easycalculation.com/currency-converter/index.php,326,0,0
1784784175558,661,HTTP Request EC3-1,200,OK,NON GUI TestCases using csv fies 1-2,text,true,,19789,153,10,10,https://www.easycalculation.com/currency-converter/index.php,640,0,0
1784784176091,917,HTTP Request EC4,200,OK,NON GUI TestCases using csv fies 1-6,text,true,,21848,270,10,10,https://www.easycalculation.com/examples.php,289,0,0
1784784176091,289,HTTP Request EC4-0,301,Moved Permanently,NON GUI TestCases using csv fies 1-6,text,true,,374,133,10,10,http://easycalculation.com/examples.php,289,0,0
1784784176380,628,HTTP Request EC4-1,200,OK,NON GUI TestCases using csv fies 1-6,text,true,,21474,137,10,10,https://www.easycalculation.com/examples.php,369,0,0
1784784176153,979,HTTP Request EC4,200,OK,NON GUI TestCases using csv fies 1-7,text,true,,21848,270,10,10,https://www.easycalculation.com/examples.php,309,0,0
1784784176153,309,HTTP Request EC4-0,301,Moved Permanently,NON GUI TestCases using csv fies 1-7,text,true,,374,133,10,10,http://easycalculation.com/examples.php,309,0,0
1784784176462,670,HTTP Request EC4-1,200,OK,NON GUI TestCases using csv fies 1-7,text,true,,21474,137,10,10,https://www.easycalculation.com/examples.php,355,0,0
1784784176220,979,HTTP Request EC4,200,OK,NON GUI TestCases using csv fies 1-2,text,true,,21848,270,10,10,https://www.easycalculation.com/examples.php,319,0,0
1784784176220,319,HTTP Request EC4-0,301,Moved Permanently,NON GUI TestCases using csv fies 1-2,text,true,,374,133,10,10,http://easycalculation.com/examples.php,319,0,0
1784784176540,659,HTTP Request EC4-1,200,OK,NON GUI TestCases using csv fies 1-2,text,true,,21474,137,10,10,https://www.easycalculation.com/examples.php,645,0,0
1784784177009,866,HTTP RequestEC5,200,OK,NON GUI TestCases using csv fies 1-6,text,true,,31978,288,10,10,https://www.easycalculation.com/charts-and-tables.php,285,0,0
1784784177009,285,HTTP RequestEC5-0,301,Moved Permanently,NON GUI TestCases using csv fies 1-6,text,true,,383,142,10,10,http://easycalculation.com/charts-and-tables.php,285,0,0
1784784177294,581,HTTP RequestEC5-1,200,OK,NON GUI TestCases using csv fies 1-6,text,true,,31595,146,10,10,https://www.easycalculation.com/charts-and-tables.php,301,0,0
1784784177133,921,HTTP RequestEC5,200,OK,NON GUI TestCases using csv fies 1-7,text,true,,31978,288,10,10,https://www.easycalculation.com/charts-and-tables.php,295,0,0
1784784177133,295,HTTP RequestEC5-0,301,Moved Permanently,NON GUI TestCases using csv fies 1-7,text,true,,383,142,10,10,http://easycalculation.com/charts-and-tables.php,295,0,0
1784784177428,626,HTTP RequestEC5-1,200,OK,NON GUI TestCases using csv fies 1-7,text,true,,31595,146,10,10,https://www.easycalculation.com/charts-and-tables.php,347,0,0
1784784177199,959,HTTP RequestEC5,200,OK,NON GUI TestCases using csv fies 1-2,text,true,,31978,288,10,10,https://www.easycalculation.com/charts-and-tables.php,320,0,0
1784784177199,320,HTTP RequestEC5-0,301,Moved Permanently,NON GUI TestCases using csv fies 1-2,text,true,,383,142,10,10,http://easycalculation.com/charts-and-tables.php,320,0,0
1784784177519,639,HTTP RequestEC5-1,200,OK,NON GUI TestCases using csv fies 1-2,text,true,,31595,146,10,10,https://www.easycalculation.com/charts-and-tables.php,322,0,0
1784784177876,599,HTTP Request EC6,200,OK,NON GUI TestCases using csv fies 1-6,text,true,,23541,282,10,10,https://www.easycalculation.com/formulas/index.php,282,0,0
1784784177876,282,HTTP Request EC6-0,301,Moved Permanently,NON GUI TestCases using csv fies 1-6,text,true,,380,139,10,10,http://easycalculation.com/formulas/index.php,282,0,0
1784784178159,316,HTTP Request EC6-1,200,OK,NON GUI TestCases using csv fies 1-6,text,true,,23161,143,10,10,https://www.easycalculation.com/formulas/index.php,310,0,0
1784784178054,658,HTTP Request EC6,200,OK,NON GUI TestCases using csv fies 1-7,text,true,,23541,282,10,10,https://www.easycalculation.com/formulas/index.php,305,0,0
1784784178054,305,HTTP Request EC6-0,301,Moved Permanently,NON GUI TestCases using csv fies 1-7,text,true,,380,139,10,10,http://easycalculation.com/formulas/index.php,305,0,0
1784784178359,353,HTTP Request EC6-1,200,OK,NON GUI TestCases using csv fies 1-7,text,true,,23161,143,10,10,https://www.easycalculation.com/formulas/index.php,320,0,0
1784784178159,648,HTTP Request EC6,200,OK,NON GUI TestCases using csv fies 1-2,text,true,,23541,282,10,10,https://www.easycalculation.com/formulas/index.php,316,0,0
1784784178159,316,HTTP Request EC6-0,301,Moved Permanently,NON GUI TestCases using csv fies 1-2,text,true,,380,139,10,10,http://easycalculation.com/formulas/index.php,316,0,0
1784784178475,332,HTTP Request EC6-1,200,OK,NON GUI TestCases using csv fies 1-2,text,true,,23161,143,10,10,https://www.easycalculation.com/formulas/index.php,330,0,0
1784784164216,14934,HTTP Request practiceautomation,200,OK,NON GUI TestCases using csv fies 1-8,text,true,,123261,296,10,10,https://practicetestautomation.com/practice-test-login/,126,0,0
1784784164216,128,HTTP Request practiceautomation-0,301,Moved Permanently,NON GUI TestCases using csv fies 1-8,text,true,,1390,148,10,10,http://practicetestautomation.com/practice-test-login/,126,0,0
1784784164345,14805,HTTP Request practiceautomation-1,200,OK,NON GUI TestCases using csv fies 1-8,text,true,,121871,148,10,10,https://practicetestautomation.com/practice-test-login/,14728,0,0
1784784178475,908,HTTP Request easycal,200,OK,NON GUI TestCases using csv fies 1-6,text,true,,58970,272,10,10,https://www.easycalculation.com/faq/index.php,281,0,0
1784784178475,281,HTTP Request easycal-0,301,Moved Permanently,NON GUI TestCases using csv fies 1-6,text,true,,375,134,10,10,http://easycalculation.com/faq/index.php,281,0,0
1784784178757,626,HTTP Request easycal-1,200,OK,NON GUI TestCases using csv fies 1-6,text,true,,58595,138,10,10,https://www.easycalculation.com/faq/index.php,311,0,0
1784784178712,1004,HTTP Request easycal,200,OK,NON GUI TestCases using csv fies 1-7,text,true,,58970,272,10,10,https://www.easycalculation.com/faq/index.php,300,0,0
1784784178712,300,HTTP Request easycal-0,301,Moved Permanently,NON GUI TestCases using csv fies 1-7,text,true,,375,134,10,10,http://easycalculation.com/faq/index.php,300,0,0
1784784179013,703,HTTP Request easycal-1,200,OK,NON GUI TestCases using csv fies 1-7,text,true,,58595,138,10,10,https://www.easycalculation.com/faq/index.php,343,0,0
1784784178807,1139,HTTP Request easycal,200,OK,NON GUI TestCases using csv fies 1-2,text,true,,58970,272,10,10,https://www.easycalculation.com/faq/index.php,349,0,0
1784784178807,349,HTTP Request easycal-0,301,Moved Permanently,NON GUI TestCases using csv fies 1-2,text,true,,375,134,10,10,http://easycalculation.com/faq/index.php,349,0,0
1784784179156,790,HTTP Request easycal-1,200,OK,NON GUI TestCases using csv fies 1-2,text,true,,58595,138,10,10,https://www.easycalculation.com/faq/index.php,357,0,0
1784784164321,15866,HTTP Request practiceautomation,200,OK,NON GUI TestCases using csv fies 1-3,text,true,,123420,296,10,10,https://practicetestautomation.com/practice-test-login/,130,0,0
1784784164321,133,HTTP Request practiceautomation-0,301,Moved Permanently,NON GUI TestCases using csv fies 1-3,text,true,,1396,148,10,10,http://practicetestautomation.com/practice-test-login/,130,0,0
1784784164455,15732,HTTP Request practiceautomation-1,200,OK,NON GUI TestCases using csv fies 1-3,text,true,,122024,148,10,10,https://practicetestautomation.com/practice-test-login/,15657,0,0
1784784167174,14817,HTTP Request PA3,200,OK,NON GUI TestCases using csv fies 1-4,text,true,,125206,274,10,10,https://practicetestautomation.com/practice/,131,0,0
1784784167174,131,HTTP Request PA3-0,301,Moved Permanently,NON GUI TestCases using csv fies 1-4,text,true,,1383,137,10,10,http://practicetestautomation.com/practice/,131,0,0
1784784167305,14686,HTTP Request PA3-1,200,OK,NON GUI TestCases using csv fies 1-4,text,true,,123823,137,10,10,https://practicetestautomation.com/practice/,14602,0,0
1784784171068,13091,HTTP Request PA2,200,OK,NON GUI TestCases using csv fies 1-10,text,true,,160747,272,10,10,https://practicetestautomation.com/courses/,120,0,0
1784784171068,124,HTTP Request PA2-0,301,Moved Permanently,NON GUI TestCases using csv fies 1-10,text,true,,1380,136,10,10,http://practicetestautomation.com/courses/,120,0,0
1784784171192,12967,HTTP Request PA2-1,200,OK,NON GUI TestCases using csv fies 1-10,text,true,,159367,136,10,10,https://practicetestautomation.com/courses/,12803,0,0
1784784184159,0,,Non HTTP response code: java.net.MalformedURLException,Non HTTP response message: Illegal character found in host: '/',NON GUI TestCases using csv fies 1-10,text,false,,875,0,10,10,null,0,0,0
1784784184160,987, HTTP Request EC2,200,OK,NON GUI TestCases using csv fies 1-10,text,true,,24641,296,10,10,https://www.easycalculation.com/unit-conversion/index.php,294,0,0
1784784184160,294, HTTP Request EC2-0,301,Moved Permanently,NON GUI TestCases using csv fies 1-10,text,true,,387,146,10,10,http://easycalculation.com/unit-conversion/index.php,294,0,0
1784784184455,692, HTTP Request EC2-1,200,OK,NON GUI TestCases using csv fies 1-10,text,true,,24254,150,10,10,https://www.easycalculation.com/unit-conversion/index.php,662,0,0
1784784171757,13390,HTTP Request practiceautomation,200,OK,NON GUI TestCases using csv fies 1-9,text,true,,123418,296,10,10,https://practicetestautomation.com/practice-test-login/,113,0,0
1784784171757,117,HTTP Request practiceautomation-0,301,Moved Permanently,NON GUI TestCases using csv fies 1-9,text,true,,1394,148,10,10,http://practicetestautomation.com/practice-test-login/,113,0,0
1784784171874,13273,HTTP Request practiceautomation-1,200,OK,NON GUI TestCases using csv fies 1-9,text,true,,122024,148,10,10,https://practicetestautomation.com/practice-test-login/,13193,0,0
1784784185148,998,HTTP Request EC3,200,OK,NON GUI TestCases using csv fies 1-10,text,true,,20179,302,10,10,https://www.easycalculation.com/currency-converter/index.php,304,0,0
1784784185148,304,HTTP Request EC3-0,301,Moved Permanently,NON GUI TestCases using csv fies 1-10,text,true,,390,149,10,10,http://easycalculation.com/currency-converter/index.php,304,0,0
1784784185452,694,HTTP Request EC3-1,200,OK,NON GUI TestCases using csv fies 1-10,text,true,,19789,153,10,10,https://www.easycalculation.com/currency-converter/index.php,374,0,0
1784784186147,1005,HTTP Request EC4,200,OK,NON GUI TestCases using csv fies 1-10,text,true,,21848,270,10,10,https://www.easycalculation.com/examples.php,313,0,0
1784784186147,313,HTTP Request EC4-0,301,Moved Permanently,NON GUI TestCases using csv fies 1-10,text,true,,374,133,10,10,http://easycalculation.com/examples.php,313,0,0
1784784186460,692,HTTP Request EC4-1,200,OK,NON GUI TestCases using csv fies 1-10,text,true,,21474,137,10,10,https://www.easycalculation.com/examples.php,339,0,0
1784784173459,13729,HTTP Request practiceautomation,200,OK,NON GUI TestCases using csv fies 1-5,text,true,,123267,296,10,10,https://practicetestautomation.com/practice-test-login/,131,0,0
1784784173459,131,HTTP Request practiceautomation-0,301,Moved Permanently,NON GUI TestCases using csv fies 1-5,text,true,,1394,148,10,10,http://practicetestautomation.com/practice-test-login/,131,0,0
1784784173590,13598,HTTP Request practiceautomation-1,200,OK,NON GUI TestCases using csv fies 1-5,text,true,,121873,148,10,10,https://practicetestautomation.com/practice-test-login/,13563,0,0
1784784187152,962,HTTP RequestEC5,200,OK,NON GUI TestCases using csv fies 1-10,text,true,,31978,288,10,10,https://www.easycalculation.com/charts-and-tables.php,325,0,0
1784784187152,325,HTTP RequestEC5-0,301,Moved Permanently,NON GUI TestCases using csv fies 1-10,text,true,,383,142,10,10,http://easycalculation.com/charts-and-tables.php,325,0,0
1784784187477,637,HTTP RequestEC5-1,200,OK,NON GUI TestCases using csv fies 1-10,text,true,,31595,146,10,10,https://www.easycalculation.com/charts-and-tables.php,346,0,0
1784784188114,664,HTTP Request EC6,200,OK,NON GUI TestCases using csv fies 1-10,text,true,,23541,282,10,10,https://www.easycalculation.com/formulas/index.php,300,0,0
1784784188114,300,HTTP Request EC6-0,301,Moved Permanently,NON GUI TestCases using csv fies 1-10,text,true,,380,139,10,10,http://easycalculation.com/formulas/index.php,300,0,0
1784784188415,363,HTTP Request EC6-1,200,OK,NON GUI TestCases using csv fies 1-10,text,true,,23161,143,10,10,https://www.easycalculation.com/formulas/index.php,358,0,0
1784784174563,14615,HTTP Request practiceautomation,200,OK,NON GUI TestCases using csv fies 1-1,text,true,,123424,296,10,10,https://practicetestautomation.com/practice-test-login/,135,0,0
1784784174563,140,HTTP Request practiceautomation-0,301,Moved Permanently,NON GUI TestCases using csv fies 1-1,text,true,,1390,148,10,10,http://practicetestautomation.com/practice-test-login/,135,0,0
1784784174703,14475,HTTP Request practiceautomation-1,200,OK,NON GUI TestCases using csv fies 1-1,text,true,,122034,148,10,10,https://practicetestautomation.com/practice-test-login/,14406,0,0
1784784188778,928,HTTP Request easycal,200,OK,NON GUI TestCases using csv fies 1-10,text,true,,58970,272,10,10,https://www.easycalculation.com/faq/index.php,298,0,0
1784784188778,298,HTTP Request easycal-0,301,Moved Permanently,NON GUI TestCases using csv fies 1-10,text,true,,375,134,10,10,http://easycalculation.com/faq/index.php,298,0,0
1784784189076,630,HTTP Request easycal-1,200,OK,NON GUI TestCases using csv fies 1-10,text,true,,58595,138,10,10,https://www.easycalculation.com/faq/index.php,314,0,0
1784784179716,12463,HTTP Request practiceautomation,200,OK,NON GUI TestCases using csv fies 1-7,text,true,,123412,296,10,10,https://practicetestautomation.com/practice-test-login/,230,0,0
1784784179716,230,HTTP Request practiceautomation-0,301,Moved Permanently,NON GUI TestCases using csv fies 1-7,text,true,,1384,148,10,10,http://practicetestautomation.com/practice-test-login/,230,0,0
1784784179947,12232,HTTP Request practiceautomation-1,200,OK,NON GUI TestCases using csv fies 1-7,text,true,,122028,148,10,10,https://practicetestautomation.com/practice-test-login/,12140,0,0
1784784179384,12896,HTTP Request practiceautomation,200,OK,NON GUI TestCases using csv fies 1-6,text,true,,123422,296,10,10,https://practicetestautomation.com/practice-test-login/,129,0,0
1784784179384,129,HTTP Request practiceautomation-0,301,Moved Permanently,NON GUI TestCases using csv fies 1-6,text,true,,1394,148,10,10,http://practicetestautomation.com/practice-test-login/,129,0,0
1784784179514,12766,HTTP Request practiceautomation-1,200,OK,NON GUI TestCases using csv fies 1-6,text,true,,122028,148,10,10,https://practicetestautomation.com/practice-test-login/,12632,0,0
1784784179947,12337,HTTP Request practiceautomation,200,OK,NON GUI TestCases using csv fies 1-2,text,true,,123414,296,10,10,https://practicetestautomation.com/practice-test-login/,142,0,0
1784784179947,165,HTTP Request practiceautomation-0,301,Moved Permanently,NON GUI TestCases using csv fies 1-2,text,true,,1388,148,10,10,http://practicetestautomation.com/practice-test-login/,142,0,0
1784784180112,12172,HTTP Request practiceautomation-1,200,OK,NON GUI TestCases using csv fies 1-2,text,true,,122026,148,10,10,https://practicetestautomation.com/practice-test-login/,12093,0,0
1784784179151,13997,HTTP Request PA3,200,OK,NON GUI TestCases using csv fies 1-8,text,true,,125045,274,10,10,https://practicetestautomation.com/practice/,139,0,0
1784784179151,139,HTTP Request PA3-0,301,Moved Permanently,NON GUI TestCases using csv fies 1-8,text,true,,1377,137,10,10,http://practicetestautomation.com/practice/,139,0,0
1784784179290,13858,HTTP Request PA3-1,200,OK,NON GUI TestCases using csv fies 1-8,text,true,,123668,137,10,10,https://practicetestautomation.com/practice/,13743,0,0
1784784181992,11164,HTTP Request PA2,200,OK,NON GUI TestCases using csv fies 1-4,text,true,,160737,272,10,10,https://practicetestautomation.com/courses/,137,0,0
1784784181992,137,HTTP Request PA2-0,301,Moved Permanently,NON GUI TestCases using csv fies 1-4,text,true,,1372,136,10,10,http://practicetestautomation.com/courses/,137,0,0
1784784182129,11027,HTTP Request PA2-1,200,OK,NON GUI TestCases using csv fies 1-4,text,true,,159365,136,10,10,https://practicetestautomation.com/courses/,10891,0,0
1784784193157,0,,Non HTTP response code: java.net.MalformedURLException,Non HTTP response message: Illegal character found in host: '/',NON GUI TestCases using csv fies 1-4,text,false,,875,0,10,10,null,0,0,0
1784784180191,13076,HTTP Request PA3,200,OK,NON GUI TestCases using csv fies 1-3,text,true,,125208,274,10,10,https://practicetestautomation.com/practice/,148,0,0
1784784180191,148,HTTP Request PA3-0,301,Moved Permanently,NON GUI TestCases using csv fies 1-3,text,true,,1383,137,10,10,http://practicetestautomation.com/practice/,148,0,0
1784784180339,12928,HTTP Request PA3-1,200,OK,NON GUI TestCases using csv fies 1-3,text,true,,123825,137,10,10,https://practicetestautomation.com/practice/,12837,0,0
1784784193157,947, HTTP Request EC2,200,OK,NON GUI TestCases using csv fies 1-4,text,true,,24641,296,10,10,https://www.easycalculation.com/unit-conversion/index.php,296,0,0
1784784193157,296, HTTP Request EC2-0,301,Moved Permanently,NON GUI TestCases using csv fies 1-4,text,true,,387,146,10,10,http://easycalculation.com/unit-conversion/index.php,296,0,0
1784784193453,651, HTTP Request EC2-1,200,OK,NON GUI TestCases using csv fies 1-4,text,true,,24254,150,10,10,https://www.easycalculation.com/unit-conversion/index.php,651,0,0
1784784185149,9850,HTTP Request PA3,200,OK,NON GUI TestCases using csv fies 1-9,text,true,,125201,274,10,10,https://practicetestautomation.com/practice/,113,0,0
1784784185149,116,HTTP Request PA3-0,301,Moved Permanently,NON GUI TestCases using csv fies 1-9,text,true,,1371,137,10,10,http://practicetestautomation.com/practice/,113,0,0
1784784185266,9733,HTTP Request PA3-1,200,OK,NON GUI TestCases using csv fies 1-9,text,true,,123830,137,10,10,https://practicetestautomation.com/practice/,9635,0,0
1784784194104,912,HTTP Request EC3,200,OK,NON GUI TestCases using csv fies 1-4,text,true,,20179,302,10,10,https://www.easycalculation.com/currency-converter/index.php,289,0,0
1784784194104,289,HTTP Request EC3-0,301,Moved Permanently,NON GUI TestCases using csv fies 1-4,text,true,,390,149,10,10,http://easycalculation.com/currency-converter/index.php,289,0,0
1784784194393,623,HTTP Request EC3-1,200,OK,NON GUI TestCases using csv fies 1-4,text,true,,19789,153,10,10,https://www.easycalculation.com/currency-converter/index.php,359,0,0
1784784195016,1011,HTTP Request EC4,200,OK,NON GUI TestCases using csv fies 1-4,text,true,,21848,270,10,10,https://www.easycalculation.com/examples.php,320,0,0
1784784195016,320,HTTP Request EC4-0,301,Moved Permanently,NON GUI TestCases using csv fies 1-4,text,true,,374,133,10,10,http://easycalculation.com/examples.php,320,0,0
1784784195336,691,HTTP Request EC4-1,200,OK,NON GUI TestCases using csv fies 1-4,text,true,,21474,137,10,10,https://www.easycalculation.com/examples.php,341,0,0
1784784187188,8867,HTTP Request PA3,200,OK,NON GUI TestCases using csv fies 1-5,text,true,,125062,274,10,10,https://practicetestautomation.com/practice/,123,0,0
1784784187188,128,HTTP Request PA3-0,301,Moved Permanently,NON GUI TestCases using csv fies 1-5,text,true,,1375,137,10,10,http://practicetestautomation.com/practice/,123,0,0
1784784187316,8739,HTTP Request PA3-1,200,OK,NON GUI TestCases using csv fies 1-5,text,true,,123687,137,10,10,https://practicetestautomation.com/practice/,8615,0,0
1784784189178,6921,HTTP Request PA3,200,OK,NON GUI TestCases using csv fies 1-1,text,true,,125203,274,10,10,https://practicetestautomation.com/practice/,145,0,0
1784784189178,145,HTTP Request PA3-0,301,Moved Permanently,NON GUI TestCases using csv fies 1-1,text,true,,1383,137,10,10,http://practicetestautomation.com/practice/,145,0,0
1784784189323,6776,HTTP Request PA3-1,200,OK,NON GUI TestCases using csv fies 1-1,text,true,,123820,137,10,10,https://practicetestautomation.com/practice/,6673,0,0
1784784196028,960,HTTP RequestEC5,200,OK,NON GUI TestCases using csv fies 1-4,text,true,,31978,288,10,10,https://www.easycalculation.com/charts-and-tables.php,289,0,0
1784784196028,289,HTTP RequestEC5-0,301,Moved Permanently,NON GUI TestCases using csv fies 1-4,text,true,,383,142,10,10,http://easycalculation.com/charts-and-tables.php,289,0,0
1784784196317,671,HTTP RequestEC5-1,200,OK,NON GUI TestCases using csv fies 1-4,text,true,,31595,146,10,10,https://www.easycalculation.com/charts-and-tables.php,303,0,0
1784784192180,4920,HTTP Request PA3,200,OK,NON GUI TestCases using csv fies 1-7,text,true,,125195,274,10,10,https://practicetestautomation.com/practice/,151,0,0
1784784192180,157,HTTP Request PA3-0,301,Moved Permanently,NON GUI TestCases using csv fies 1-7,text,true,,1375,137,10,10,http://practicetestautomation.com/practice/,151,0,0
1784784192338,4762,HTTP Request PA3-1,200,OK,NON GUI TestCases using csv fies 1-7,text,true,,123820,137,10,10,https://practicetestautomation.com/practice/,4598,0,0
1784784189707,7400,HTTP Request practiceautomation,200,OK,NON GUI TestCases using csv fies 1-10,text,true,,123417,296,10,10,https://practicetestautomation.com/practice-test-login/,122,0,0
1784784189707,128,HTTP Request practiceautomation-0,301,Moved Permanently,NON GUI TestCases using csv fies 1-10,text,true,,1394,148,10,10,http://practicetestautomation.com/practice-test-login/,122,0,0
1784784189835,7272,HTTP Request practiceautomation-1,200,OK,NON GUI TestCases using csv fies 1-10,text,true,,122023,148,10,10,https://practicetestautomation.com/practice-test-login/,7109,0,0
1784784192286,4874,HTTP Request PA3,200,OK,NON GUI TestCases using csv fies 1-2,text,true,,125207,274,10,10,https://practicetestautomation.com/practice/,121,0,0
1784784192286,121,HTTP Request PA3-0,301,Moved Permanently,NON GUI TestCases using csv fies 1-2,text,true,,1377,137,10,10,http://practicetestautomation.com/practice/,121,0,0
1784784192407,4753,HTTP Request PA3-1,200,OK,NON GUI TestCases using csv fies 1-2,text,true,,123830,137,10,10,https://practicetestautomation.com/practice/,4655,0,0
1784784196988,645,HTTP Request EC6,200,OK,NON GUI TestCases using csv fies 1-4,text,true,,23541,282,10,10,https://www.easycalculation.com/formulas/index.php,289,0,0
1784784196988,289,HTTP Request EC6-0,301,Moved Permanently,NON GUI TestCases using csv fies 1-4,text,true,,380,139,10,10,http://easycalculation.com/formulas/index.php,289,0,0
1784784197277,356,HTTP Request EC6-1,200,OK,NON GUI TestCases using csv fies 1-4,text,true,,23161,143,10,10,https://www.easycalculation.com/formulas/index.php,354,0,0
1784784192281,5717,HTTP Request PA3,200,OK,NON GUI TestCases using csv fies 1-6,text,true,,125211,274,10,10,https://practicetestautomation.com/practice/,126,0,0
1784784192281,126,HTTP Request PA3-0,301,Moved Permanently,NON GUI TestCases using csv fies 1-6,text,true,,1381,137,10,10,http://practicetestautomation.com/practice/,126,0,0
1784784192407,5591,HTTP Request PA3-1,200,OK,NON GUI TestCases using csv fies 1-6,text,true,,123830,137,10,10,https://practicetestautomation.com/practice/,5511,0,0
1784784197633,1022,HTTP Request easycal,200,OK,NON GUI TestCases using csv fies 1-4,text,true,,58970,272,10,10,https://www.easycalculation.com/faq/index.php,356,0,0
1784784197633,356,HTTP Request easycal-0,301,Moved Permanently,NON GUI TestCases using csv fies 1-4,text,true,,375,134,10,10,http://easycalculation.com/faq/index.php,356,0,0
1784784197989,666,HTTP Request easycal-1,200,OK,NON GUI TestCases using csv fies 1-4,text,true,,58595,138,10,10,https://www.easycalculation.com/faq/index.php,347,0,0
1784784195000,4331,HTTP Request PA2,200,OK,NON GUI TestCases using csv fies 1-9,text,true,,160738,272,10,10,https://practicetestautomation.com/courses/,112,0,0
1784784195000,112,HTTP Request PA2-0,301,Moved Permanently,NON GUI TestCases using csv fies 1-9,text,true,,1376,136,10,10,http://practicetestautomation.com/courses/,112,0,0
1784784195112,4219,HTTP Request PA2-1,200,OK,NON GUI TestCases using csv fies 1-9,text,true,,159362,136,10,10,https://practicetestautomation.com/courses/,3871,0,0
1784784199331,0,,Non HTTP response code: java.net.MalformedURLException,Non HTTP response message: Illegal character found in host: '/',NON GUI TestCases using csv fies 1-9,text,false,,875,0,10,10,null,0,0,0
1784784193152,6219,HTTP Request PA2,200,OK,NON GUI TestCases using csv fies 1-8,text,true,,160605,272,10,10,https://practicetestautomation.com/courses/,150,0,0
1784784193152,156,HTTP Request PA2-0,301,Moved Permanently,NON GUI TestCases using csv fies 1-8,text,true,,1386,136,10,10,http://practicetestautomation.com/courses/,150,0,0
1784784193308,6063,HTTP Request PA2-1,200,OK,NON GUI TestCases using csv fies 1-8,text,true,,159219,136,10,10,https://practicetestautomation.com/courses/,5627,0,0
1784784199371,0,,Non HTTP response code: java.net.MalformedURLException,Non HTTP response message: Illegal character found in host: '/',NON GUI TestCases using csv fies 1-8,text,false,,875,0,10,10,null,0,0,0
1784784196057,3314,HTTP Request PA2,200,OK,NON GUI TestCases using csv fies 1-5,text,true,,160583,272,10,10,https://practicetestautomation.com/courses/,124,0,0
1784784196057,124,HTTP Request PA2-0,301,Moved Permanently,NON GUI TestCases using csv fies 1-5,text,true,,1372,136,10,10,http://practicetestautomation.com/courses/,124,0,0
1784784196182,3189,HTTP Request PA2-1,200,OK,NON GUI TestCases using csv fies 1-5,text,true,,159211,136,10,10,https://practicetestautomation.com/courses/,2855,0,0
1784784199372,0,,Non HTTP response code: java.net.MalformedURLException,Non HTTP response message: Illegal character found in host: '/',NON GUI TestCases using csv fies 1-5,text,false,,875,0,10,10,null,0,0,0
1784784193268,6106,HTTP Request PA2,200,OK,NON GUI TestCases using csv fies 1-3,text,true,,160742,272,10,10,https://practicetestautomation.com/courses/,143,0,0
1784784193268,143,HTTP Request PA2-0,301,Moved Permanently,NON GUI TestCases using csv fies 1-3,text,true,,1380,136,10,10,http://practicetestautomation.com/courses/,143,0,0
1784784193412,5962,HTTP Request PA2-1,200,OK,NON GUI TestCases using csv fies 1-3,text,true,,159362,136,10,10,https://practicetestautomation.com/courses/,5519,0,0
1784784199374,0,,Non HTTP response code: java.net.MalformedURLException,Non HTTP response message: Illegal character found in host: '/',NON GUI TestCases using csv fies 1-3,text,false,,875,0,10,10,null,0,0,0
1784784196101,3997,HTTP Request PA2,200,OK,NON GUI TestCases using csv fies 1-1,text,true,,160736,272,10,10,https://practicetestautomation.com/courses/,116,0,0
1784784196101,116,HTTP Request PA2-0,301,Moved Permanently,NON GUI TestCases using csv fies 1-1,text,true,,1376,136,10,10,http://practicetestautomation.com/courses/,116,0,0
1784784196217,3881,HTTP Request PA2-1,200,OK,NON GUI TestCases using csv fies 1-1,text,true,,159360,136,10,10,https://practicetestautomation.com/courses/,3675,0,0
1784784200099,0,,Non HTTP response code: java.net.MalformedURLException,Non HTTP response message: Illegal character found in host: '/',NON GUI TestCases using csv fies 1-1,text,false,,875,0,10,10,null,0,0,0
1784784197108,3087,HTTP Request PA3,200,OK,NON GUI TestCases using csv fies 1-10,text,true,,125203,274,10,10,https://practicetestautomation.com/practice/,118,0,0
1784784197108,118,HTTP Request PA3-0,301,Moved Permanently,NON GUI TestCases using csv fies 1-10,text,true,,1377,137,10,10,http://practicetestautomation.com/practice/,118,0,0
1784784197226,2969,HTTP Request PA3-1,200,OK,NON GUI TestCases using csv fies 1-10,text,true,,123826,137,10,10,https://practicetestautomation.com/practice/,2705,0,0
1784784197161,3126,HTTP Request PA2,200,OK,NON GUI TestCases using csv fies 1-2,text,true,,160736,272,10,10,https://practicetestautomation.com/courses/,111,0,0
1784784197161,111,HTTP Request PA2-0,301,Moved Permanently,NON GUI TestCases using csv fies 1-2,text,true,,1376,136,10,10,http://practicetestautomation.com/courses/,111,0,0
1784784197272,3015,HTTP Request PA2-1,200,OK,NON GUI TestCases using csv fies 1-2,text,true,,159360,136,10,10,https://practicetestautomation.com/courses/,2757,0,0
1784784200287,0,,Non HTTP response code: java.net.MalformedURLException,Non HTTP response message: Illegal character found in host: '/',NON GUI TestCases using csv fies 1-2,text,false,,875,0,10,10,null,0,0,0
1784784197998,2397,HTTP Request PA2,200,OK,NON GUI TestCases using csv fies 1-6,text,true,,160750,272,10,10,https://practicetestautomation.com/courses/,105,0,0
1784784197998,109,HTTP Request PA2-0,301,Moved Permanently,NON GUI TestCases using csv fies 1-6,text,true,,1382,136,10,10,http://practicetestautomation.com/courses/,105,0,0
1784784198108,2287,HTTP Request PA2-1,200,OK,NON GUI TestCases using csv fies 1-6,text,true,,159368,136,10,10,https://practicetestautomation.com/courses/,1947,0,0
1784784200395,0,,Non HTTP response code: java.net.MalformedURLException,Non HTTP response message: Illegal character found in host: '/',NON GUI TestCases using csv fies 1-6,text,false,,875,0,10,10,null,0,0,0
1784784199371,1221, HTTP Request EC2,200,OK,NON GUI TestCases using csv fies 1-8,text,true,,24641,296,10,10,https://www.easycalculation.com/unit-conversion/index.php,319,0,0
1784784199371,319, HTTP Request EC2-0,301,Moved Permanently,NON GUI TestCases using csv fies 1-8,text,true,,387,146,10,10,http://easycalculation.com/unit-conversion/index.php,319,0,0
1784784199690,902, HTTP Request EC2-1,200,OK,NON GUI TestCases using csv fies 1-8,text,true,,24254,150,10,10,https://www.easycalculation.com/unit-conversion/index.php,900,0,0
1784784199372,1255, HTTP Request EC2,200,OK,NON GUI TestCases using csv fies 1-5,text,true,,24641,296,10,10,https://www.easycalculation.com/unit-conversion/index.php,307,0,0
1784784199372,307, HTTP Request EC2-0,301,Moved Permanently,NON GUI TestCases using csv fies 1-5,text,true,,387,146,10,10,http://easycalculation.com/unit-conversion/index.php,307,0,0
1784784199679,948, HTTP Request EC2-1,200,OK,NON GUI TestCases using csv fies 1-5,text,true,,24254,150,10,10,https://www.easycalculation.com/unit-conversion/index.php,938,0,0
1784784199375,1258, HTTP Request EC2,200,OK,NON GUI TestCases using csv fies 1-3,text,true,,24641,296,10,10,https://www.easycalculation.com/unit-conversion/index.php,325,0,0
1784784199375,325, HTTP Request EC2-0,301,Moved Permanently,NON GUI TestCases using csv fies 1-3,text,true,,387,146,10,10,http://easycalculation.com/unit-conversion/index.php,325,0,0
1784784199700,933, HTTP Request EC2-1,200,OK,NON GUI TestCases using csv fies 1-3,text,true,,24254,150,10,10,https://www.easycalculation.com/unit-conversion/index.php,927,0,0
1784784197101,3540,HTTP Request PA2,200,OK,NON GUI TestCases using csv fies 1-7,text,true,,160757,272,10,10,https://practicetestautomation.com/courses/,232,0,111
1784784197101,232,HTTP Request PA2-0,301,Moved Permanently,NON GUI TestCases using csv fies 1-7,text,true,,1378,136,10,10,http://practicetestautomation.com/courses/,232,0,111
1784784197333,3308,HTTP Request PA2-1,200,OK,NON GUI TestCases using csv fies 1-7,text,true,,159379,136,10,10,https://practicetestautomation.com/courses/,3010,0,303
1784784200641,0,,Non HTTP response code: java.net.MalformedURLException,Non HTTP response message: Illegal character found in host: '/',NON GUI TestCases using csv fies 1-7,text,false,,875,0,10,10,null,0,0,0
1784784199331,1322, HTTP Request EC2,200,OK,NON GUI TestCases using csv fies 1-9,text,true,,24641,296,10,10,https://www.easycalculation.com/unit-conversion/index.php,333,0,0
1784784199331,333, HTTP Request EC2-0,301,Moved Permanently,NON GUI TestCases using csv fies 1-9,text,true,,387,146,10,10,http://easycalculation.com/unit-conversion/index.php,333,0,0
1784784199664,989, HTTP Request EC2-1,200,OK,NON GUI TestCases using csv fies 1-9,text,true,,24254,150,10,10,https://www.easycalculation.com/unit-conversion/index.php,985,0,0
1784784200196,868,HTTP Request PA2,200,OK,NON GUI TestCases using csv fies 1-10,text,true,,160733,272,10,10,https://practicetestautomation.com/courses/,199,0,0
1784784200196,199,HTTP Request PA2-0,301,Moved Permanently,NON GUI TestCases using csv fies 1-10,text,true,,1372,136,10,10,http://practicetestautomation.com/courses/,199,0,0
1784784200395,669,HTTP Request PA2-1,200,OK,NON GUI TestCases using csv fies 1-10,text,true,,159361,136,10,10,https://practicetestautomation.com/courses/,552,0,0
1784784201064,0,,Non HTTP response code: java.net.MalformedURLException,Non HTTP response message: Illegal character found in host: '/',NON GUI TestCases using csv fies 1-10,text,false,,875,0,10,10,null,0,0,0
1784784200099,968, HTTP Request EC2,200,OK,NON GUI TestCases using csv fies 1-1,text,true,,24641,296,10,10,https://www.easycalculation.com/unit-conversion/index.php,311,0,0
1784784200099,311, HTTP Request EC2-0,301,Moved Permanently,NON GUI TestCases using csv fies 1-1,text,true,,387,146,10,10,http://easycalculation.com/unit-conversion/index.php,311,0,0
1784784200410,657, HTTP Request EC2-1,200,OK,NON GUI TestCases using csv fies 1-1,text,true,,24254,150,10,10,https://www.easycalculation.com/unit-conversion/index.php,656,0,0
1784784200593,592,HTTP Request EC3,200,OK,NON GUI TestCases using csv fies 1-8,text,true,,20179,302,10,10,https://www.easycalculation.com/currency-converter/index.php,301,0,0
1784784200593,301,HTTP Request EC3-0,301,Moved Permanently,NON GUI TestCases using csv fies 1-8,text,true,,390,149,10,10,http://easycalculation.com/currency-converter/index.php,301,0,0
1784784200894,291,HTTP Request EC3-1,200,OK,NON GUI TestCases using csv fies 1-8,text,true,,19789,153,10,10,https://www.easycalculation.com/currency-converter/index.php,290,0,0
1784784198656,2618,HTTP Request practiceautomation,200,OK,NON GUI TestCases using csv fies 1-4,text,true,,123409,296,10,10,https://practicetestautomation.com/practice-test-login/,648,0,136
1784784198656,648,HTTP Request practiceautomation-0,301,Moved Permanently,NON GUI TestCases using csv fies 1-4,text,true,,1387,148,10,10,http://practicetestautomation.com/practice-test-login/,648,0,136
1784784199304,1970,HTTP Request practiceautomation-1,200,OK,NON GUI TestCases using csv fies 1-4,text,true,,122022,148,10,10,https://practicetestautomation.com/practice-test-login/,1776,0,228
1784784200628,691,HTTP Request EC3,200,OK,NON GUI TestCases using csv fies 1-5,text,true,,20179,302,10,10,https://www.easycalculation.com/currency-converter/index.php,359,0,0
1784784200628,359,HTTP Request EC3-0,301,Moved Permanently,NON GUI TestCases using csv fies 1-5,text,true,,390,149,10,10,http://easycalculation.com/currency-converter/index.php,359,0,0
1784784200987,332,HTTP Request EC3-1,200,OK,NON GUI TestCases using csv fies 1-5,text,true,,19789,153,10,10,https://www.easycalculation.com/currency-converter/index.php,331,0,0
1784784200633,717,HTTP Request EC3,200,OK,NON GUI TestCases using csv fies 1-3,text,true,,20179,302,10,10,https://www.easycalculation.com/currency-converter/index.php,380,0,0
1784784200633,380,HTTP Request EC3-0,301,Moved Permanently,NON GUI TestCases using csv fies 1-3,text,true,,390,149,10,10,http://easycalculation.com/currency-converter/index.php,380,0,0
1784784201013,337,HTTP Request EC3-1,200,OK,NON GUI TestCases using csv fies 1-3,text,true,,19789,153,10,10,https://www.easycalculation.com/currency-converter/index.php,331,0,0
1784784200653,737,HTTP Request EC3,200,OK,NON GUI TestCases using csv fies 1-9,text,true,,20179,302,10,10,https://www.easycalculation.com/currency-converter/index.php,360,0,0
1784784200653,360,HTTP Request EC3-0,301,Moved Permanently,NON GUI TestCases using csv fies 1-9,text,true,,390,149,10,10,http://easycalculation.com/currency-converter/index.php,360,0,0
1784784201013,377,HTTP Request EC3-1,200,OK,NON GUI TestCases using csv fies 1-9,text,true,,19789,153,10,10,https://www.easycalculation.com/currency-converter/index.php,374,0,0
1784784201185,603,HTTP Request EC4,200,OK,NON GUI TestCases using csv fies 1-8,text,true,,21848,270,10,10,https://www.easycalculation.com/examples.php,306,0,0
1784784201185,306,HTTP Request EC4-0,301,Moved Permanently,NON GUI TestCases using csv fies 1-8,text,true,,374,133,10,10,http://easycalculation.com/examples.php,306,0,0
1784784201491,297,HTTP Request EC4-1,200,OK,NON GUI TestCases using csv fies 1-8,text,true,,21474,137,10,10,https://www.easycalculation.com/examples.php,294,0,0
1784784201318,664,HTTP Request EC4,200,OK,NON GUI TestCases using csv fies 1-5,text,true,,21848,270,10,10,https://www.easycalculation.com/examples.php,306,0,0
1784784201318,306,HTTP Request EC4-0,301,Moved Permanently,NON GUI TestCases using csv fies 1-5,text,true,,374,133,10,10,http://easycalculation.com/examples.php,306,0,0
1784784201624,358,HTTP Request EC4-1,200,OK,NON GUI TestCases using csv fies 1-5,text,true,,21474,137,10,10,https://www.easycalculation.com/examples.php,358,0,0
1784784201068,952,HTTP Request EC3,200,OK,NON GUI TestCases using csv fies 1-1,text,true,,20179,302,10,10,https://www.easycalculation.com/currency-converter/index.php,320,0,0
1784784201068,320,HTTP Request EC3-0,301,Moved Permanently,NON GUI TestCases using csv fies 1-1,text,true,,390,149,10,10,http://easycalculation.com/currency-converter/index.php,320,0,0
1784784201387,633,HTTP Request EC3-1,200,OK,NON GUI TestCases using csv fies 1-1,text,true,,19789,153,10,10,https://www.easycalculation.com/currency-converter/index.php,632,0,0
1784784201273,747,HTTP Request PA3,200,OK,NON GUI TestCases using csv fies 1-4,text,true,,125200,274,10,10,https://practicetestautomation.com/practice/,143,0,0
1784784201273,143,HTTP Request PA3-0,301,Moved Permanently,NON GUI TestCases using csv fies 1-4,text,true,,1381,137,10,10,http://practicetestautomation.com/practice/,143,0,0
1784784201416,604,HTTP Request PA3-1,200,OK,NON GUI TestCases using csv fies 1-4,text,true,,123819,137,10,10,https://practicetestautomation.com/practice/,476,0,0
1784784201349,672,HTTP Request EC4,200,OK,NON GUI TestCases using csv fies 1-3,text,true,,21848,270,10,10,https://www.easycalculation.com/examples.php,306,0,0
1784784201349,306,HTTP Request EC4-0,301,Moved Permanently,NON GUI TestCases using csv fies 1-3,text,true,,374,133,10,10,http://easycalculation.com/examples.php,306,0,0
1784784201655,366,HTTP Request EC4-1,200,OK,NON GUI TestCases using csv fies 1-3,text,true,,21474,137,10,10,https://www.easycalculation.com/examples.php,365,0,0
1784784201065,1014, HTTP Request EC2,200,OK,NON GUI TestCases using csv fies 1-10,text,true,,24641,296,10,10,https://www.easycalculation.com/unit-conversion/index.php,347,0,0
1784784201065,347, HTTP Request EC2-0,301,Moved Permanently,NON GUI TestCases using csv fies 1-10,text,true,,387,146,10,10,http://easycalculation.com/unit-conversion/index.php,347,0,0
1784784201412,667, HTTP Request EC2-1,200,OK,NON GUI TestCases using csv fies 1-10,text,true,,24254,150,10,10,https://www.easycalculation.com/unit-conversion/index.php,621,0,0
1784784201389,695,HTTP Request EC4,200,OK,NON GUI TestCases using csv fies 1-9,text,true,,21848,270,10,10,https://www.easycalculation.com/examples.php,338,0,0
1784784201389,338,HTTP Request EC4-0,301,Moved Permanently,NON GUI TestCases using csv fies 1-9,text,true,,374,133,10,10,http://easycalculation.com/examples.php,338,0,0
1784784201727,357,HTTP Request EC4-1,200,OK,NON GUI TestCases using csv fies 1-9,text,true,,21474,137,10,10,https://www.easycalculation.com/examples.php,357,0,0
1784784200287,1845, HTTP Request EC2,200,OK,NON GUI TestCases using csv fies 1-2,text,true,,24641,296,10,10,https://www.easycalculation.com/unit-conversion/index.php,603,0,303
1784784200287,603, HTTP Request EC2-0,301,Moved Permanently,NON GUI TestCases using csv fies 1-2,text,true,,387,146,10,10,http://easycalculation.com/unit-conversion/index.php,603,0,303
1784784200890,1242, HTTP Request EC2-1,200,OK,NON GUI TestCases using csv fies 1-2,text,true,,24254,150,10,10,https://www.easycalculation.com/unit-conversion/index.php,1203,0,608
1784784200396,1951, HTTP Request EC2,200,OK,NON GUI TestCases using csv fies 1-6,text,true,,24641,296,10,10,https://www.easycalculation.com/unit-conversion/index.php,671,0,335
1784784200396,671, HTTP Request EC2-0,301,Moved Permanently,NON GUI TestCases using csv fies 1-6,text,true,,387,146,10,10,http://easycalculation.com/unit-conversion/index.php,671,0,335
1784784201068,1279, HTTP Request EC2-1,200,OK,NON GUI TestCases using csv fies 1-6,text,true,,24254,150,10,10,https://www.easycalculation.com/unit-conversion/index.php,1272,0,662
1784784201788,628,HTTP RequestEC5,200,OK,NON GUI TestCases using csv fies 1-8,text,true,,31978,288,10,10,https://www.easycalculation.com/charts-and-tables.php,304,0,0
1784784201788,304,HTTP RequestEC5-0,301,Moved Permanently,NON GUI TestCases using csv fies 1-8,text,true,,383,142,10,10,http://easycalculation.com/charts-and-tables.php,304,0,0
1784784202093,323,HTTP RequestEC5-1,200,OK,NON GUI TestCases using csv fies 1-8,text,true,,31595,146,10,10,https://www.easycalculation.com/charts-and-tables.php,321,0,0
1784784200641,1991, HTTP Request EC2,200,OK,NON GUI TestCases using csv fies 1-7,text,true,,24641,296,10,10,https://www.easycalculation.com/unit-conversion/index.php,652,0,345
1784784200641,652, HTTP Request EC2-0,301,Moved Permanently,NON GUI TestCases using csv fies 1-7,text,true,,387,146,10,10,http://easycalculation.com/unit-conversion/index.php,652,0,345
1784784201292,1340, HTTP Request EC2-1,200,OK,NON GUI TestCases using csv fies 1-7,text,true,,24254,150,10,10,https://www.easycalculation.com/unit-conversion/index.php,1282,0,646
1784784201982,655,HTTP RequestEC5,200,OK,NON GUI TestCases using csv fies 1-5,text,true,,31978,288,10,10,https://www.easycalculation.com/charts-and-tables.php,312,0,0
1784784201982,312,HTTP RequestEC5-0,301,Moved Permanently,NON GUI TestCases using csv fies 1-5,text,true,,383,142,10,10,http://easycalculation.com/charts-and-tables.php,312,0,0
1784784202294,343,HTTP RequestEC5-1,200,OK,NON GUI TestCases using csv fies 1-5,text,true,,31595,146,10,10,https://www.easycalculation.com/charts-and-tables.php,343,0,0
1784784202131,624,HTTP Request EC3,200,OK,NON GUI TestCases using csv fies 1-2,text,true,,20179,302,10,10,https://www.easycalculation.com/currency-converter/index.php,289,0,0
1784784202131,289,HTTP Request EC3-0,301,Moved Permanently,NON GUI TestCases using csv fies 1-2,text,true,,390,149,10,10,http://easycalculation.com/currency-converter/index.php,289,0,0
1784784202420,335,HTTP Request EC3-1,200,OK,NON GUI TestCases using csv fies 1-2,text,true,,19789,153,10,10,https://www.easycalculation.com/currency-converter/index.php,333,0,0
1784784202084,733,HTTP RequestEC5,200,OK,NON GUI TestCases using csv fies 1-9,text,true,,31978,288,10,10,https://www.easycalculation.com/charts-and-tables.php,333,0,0
1784784202084,333,HTTP RequestEC5-0,301,Moved Permanently,NON GUI TestCases using csv fies 1-9,text,true,,383,142,10,10,http://easycalculation.com/charts-and-tables.php,333,0,0
1784784202417,400,HTTP RequestEC5-1,200,OK,NON GUI TestCases using csv fies 1-9,text,true,,31595,146,10,10,https://www.easycalculation.com/charts-and-tables.php,373,0,0
1784784202021,921,HTTP Request EC4,200,OK,NON GUI TestCases using csv fies 1-1,text,true,,21848,270,10,10,https://www.easycalculation.com/examples.php,292,0,0
1784784202021,292,HTTP Request EC4-0,301,Moved Permanently,NON GUI TestCases using csv fies 1-1,text,true,,374,133,10,10,http://easycalculation.com/examples.php,292,0,0
1784784202314,628,HTTP Request EC4-1,200,OK,NON GUI TestCases using csv fies 1-1,text,true,,21474,137,10,10,https://www.easycalculation.com/examples.php,323,0,0
1784784202021,981,HTTP RequestEC5,200,OK,NON GUI TestCases using csv fies 1-3,text,true,,31978,288,10,10,https://www.easycalculation.com/charts-and-tables.php,312,0,0
1784784202021,312,HTTP RequestEC5-0,301,Moved Permanently,NON GUI TestCases using csv fies 1-3,text,true,,383,142,10,10,http://easycalculation.com/charts-and-tables.php,312,0,0
1784784202333,669,HTTP RequestEC5-1,200,OK,NON GUI TestCases using csv fies 1-3,text,true,,31595,146,10,10,https://www.easycalculation.com/charts-and-tables.php,322,0,0
1784784202080,931,HTTP Request EC3,200,OK,NON GUI TestCases using csv fies 1-10,text,true,,20179,302,10,10,https://www.easycalculation.com/currency-converter/index.php,290,0,0
1784784202080,290,HTTP Request EC3-0,301,Moved Permanently,NON GUI TestCases using csv fies 1-10,text,true,,390,149,10,10,http://easycalculation.com/currency-converter/index.php,290,0,0
1784784202370,641,HTTP Request EC3-1,200,OK,NON GUI TestCases using csv fies 1-10,text,true,,19789,153,10,10,https://www.easycalculation.com/currency-converter/index.php,324,0,0
1784784202021,997,HTTP Request PA2,200,OK,NON GUI TestCases using csv fies 1-4,text,true,,160743,272,10,10,https://practicetestautomation.com/courses/,139,0,0
1784784202021,139,HTTP Request PA2-0,301,Moved Permanently,NON GUI TestCases using csv fies 1-4,text,true,,1380,136,10,10,http://practicetestautomation.com/courses/,139,0,0
1784784202160,858,HTTP Request PA2-1,200,OK,NON GUI TestCases using csv fies 1-4,text,true,,159363,136,10,10,https://practicetestautomation.com/courses/,742,0,0
1784784203018,0,,Non HTTP response code: java.net.MalformedURLException,Non HTTP response message: Illegal character found in host: '/',NON GUI TestCases using csv fies 1-4,text,false,,875,0,10,10,null,0,0,0
1784784202347,675,HTTP Request EC3,200,OK,NON GUI TestCases using csv fies 1-6,text,true,,20179,302,10,10,https://www.easycalculation.com/currency-converter/index.php,349,0,0
1784784202347,349,HTTP Request EC3-0,301,Moved Permanently,NON GUI TestCases using csv fies 1-6,text,true,,390,149,10,10,http://easycalculation.com/currency-converter/index.php,349,0,0
1784784202696,326,HTTP Request EC3-1,200,OK,NON GUI TestCases using csv fies 1-6,text,true,,19789,153,10,10,https://www.easycalculation.com/currency-converter/index.php,326,0,0
1784784202417,640,HTTP Request EC6,200,OK,NON GUI TestCases using csv fies 1-8,text,true,,23541,282,10,10,https://www.easycalculation.com/formulas/index.php,338,0,0
1784784202417,338,HTTP Request EC6-0,301,Moved Permanently,NON GUI TestCases using csv fies 1-8,text,true,,380,139,10,10,http://easycalculation.com/formulas/index.php,338,0,0
1784784202755,302,HTTP Request EC6-1,200,OK,NON GUI TestCases using csv fies 1-8,text,true,,23161,143,10,10,https://www.easycalculation.com/formulas/index.php,301,0,0
1784784202638,641,HTTP Request EC6,200,OK,NON GUI TestCases using csv fies 1-5,text,true,,23541,282,10,10,https://www.easycalculation.com/formulas/index.php,321,0,0
1784784202638,321,HTTP Request EC6-0,301,Moved Permanently,NON GUI TestCases using csv fies 1-5,text,true,,380,139,10,10,http://easycalculation.com/formulas/index.php,321,0,0
1784784202959,320,HTTP Request EC6-1,200,OK,NON GUI TestCases using csv fies 1-5,text,true,,23161,143,10,10,https://www.easycalculation.com/formulas/index.php,320,0,0
1784784202632,672,HTTP Request EC3,200,OK,NON GUI TestCases using csv fies 1-7,text,true,,20179,302,10,10,https://www.easycalculation.com/currency-converter/index.php,327,0,0
1784784202632,327,HTTP Request EC3-0,301,Moved Permanently,NON GUI TestCases using csv fies 1-7,text,true,,390,149,10,10,http://easycalculation.com/currency-converter/index.php,327,0,0
1784784202959,345,HTTP Request EC3-1,200,OK,NON GUI TestCases using csv fies 1-7,text,true,,19789,153,10,10,https://www.easycalculation.com/currency-converter/index.php,345,0,0
1784784202755,600,HTTP Request EC4,200,OK,NON GUI TestCases using csv fies 1-2,text,true,,21848,270,10,10,https://www.easycalculation.com/examples.php,301,0,0
1784784202755,301,HTTP Request EC4-0,301,Moved Permanently,NON GUI TestCases using csv fies 1-2,text,true,,374,133,10,10,http://easycalculation.com/examples.php,301,0,0
1784784203056,299,HTTP Request EC4-1,200,OK,NON GUI TestCases using csv fies 1-2,text,true,,21474,137,10,10,https://www.easycalculation.com/examples.php,295,0,0
1784784202818,663,HTTP Request EC6,200,OK,NON GUI TestCases using csv fies 1-9,text,true,,23541,282,10,10,https://www.easycalculation.com/formulas/index.php,321,0,0
1784784202818,322,HTTP Request EC6-0,301,Moved Permanently,NON GUI TestCases using csv fies 1-9,text,true,,380,139,10,10,http://easycalculation.com/formulas/index.php,321,0,0
1784784203140,341,HTTP Request EC6-1,200,OK,NON GUI TestCases using csv fies 1-9,text,true,,23161,143,10,10,https://www.easycalculation.com/formulas/index.php,341,0,0
1784784203058,625,HTTP Request easycal,200,OK,NON GUI TestCases using csv fies 1-8,text,true,,58970,272,10,10,https://www.easycalculation.com/faq/index.php,301,0,0
1784784203058,301,HTTP Request easycal-0,301,Moved Permanently,NON GUI TestCases using csv fies 1-8,text,true,,375,134,10,10,http://easycalculation.com/faq/index.php,301,0,0
1784784203359,324,HTTP Request easycal-1,200,OK,NON GUI TestCases using csv fies 1-8,text,true,,58595,138,10,10,https://www.easycalculation.com/faq/index.php,297,0,0
1784784203022,678,HTTP Request EC4,200,OK,NON GUI TestCases using csv fies 1-6,text,true,,21848,270,10,10,https://www.easycalculation.com/examples.php,336,0,0
1784784203022,336,HTTP Request EC4-0,301,Moved Permanently,NON GUI TestCases using csv fies 1-6,text,true,,374,133,10,10,http://easycalculation.com/examples.php,336,0,0
1784784203358,342,HTTP Request EC4-1,200,OK,NON GUI TestCases using csv fies 1-6,text,true,,21474,137,10,10,https://www.easycalculation.com/examples.php,337,0,0
1784784202943,952,HTTP RequestEC5,200,OK,NON GUI TestCases using csv fies 1-1,text,true,,31978,288,10,10,https://www.easycalculation.com/charts-and-tables.php,289,0,0
1784784202943,289,HTTP RequestEC5-0,301,Moved Permanently,NON GUI TestCases using csv fies 1-1,text,true,,383,142,10,10,http://easycalculation.com/charts-and-tables.php,289,0,0
1784784203232,663,HTTP RequestEC5-1,200,OK,NON GUI TestCases using csv fies 1-1,text,true,,31595,146,10,10,https://www.easycalculation.com/charts-and-tables.php,316,0,0
1784784203012,936,HTTP Request EC4,200,OK,NON GUI TestCases using csv fies 1-10,text,true,,21848,270,10,10,https://www.easycalculation.com/examples.php,298,0,0
1784784203012,298,HTTP Request EC4-0,301,Moved Permanently,NON GUI TestCases using csv fies 1-10,text,true,,374,133,10,10,http://easycalculation.com/examples.php,298,0,0
1784784203310,638,HTTP Request EC4-1,200,OK,NON GUI TestCases using csv fies 1-10,text,true,,21474,137,10,10,https://www.easycalculation.com/examples.php,316,0,0
1784784203019,931, HTTP Request EC2,200,OK,NON GUI TestCases using csv fies 1-4,text,true,,24641,296,10,10,https://www.easycalculation.com/unit-conversion/index.php,293,0,0
1784784203019,293, HTTP Request EC2-0,301,Moved Permanently,NON GUI TestCases using csv fies 1-4,text,true,,387,146,10,10,http://easycalculation.com/unit-conversion/index.php,293,0,0
1784784203312,638, HTTP Request EC2-1,200,OK,NON GUI TestCases using csv fies 1-4,text,true,,24254,150,10,10,https://www.easycalculation.com/unit-conversion/index.php,631,0,0
1784784203305,674,HTTP Request EC4,200,OK,NON GUI TestCases using csv fies 1-7,text,true,,21848,270,10,10,https://www.easycalculation.com/examples.php,303,0,0
1784784203305,303,HTTP Request EC4-0,301,Moved Permanently,NON GUI TestCases using csv fies 1-7,text,true,,374,133,10,10,http://easycalculation.com/examples.php,303,0,0
1784784203608,371,HTTP Request EC4-1,200,OK,NON GUI TestCases using csv fies 1-7,text,true,,21474,137,10,10,https://www.easycalculation.com/examples.php,371,0,0
1784784203003,979,HTTP Request EC6,200,OK,NON GUI TestCases using csv fies 1-3,text,true,,23541,282,10,10,https://www.easycalculation.com/formulas/index.php,326,0,0
1784784203003,326,HTTP Request EC6-0,301,Moved Permanently,NON GUI TestCases using csv fies 1-3,text,true,,380,139,10,10,http://easycalculation.com/formulas/index.php,326,0,0
1784784203330,652,HTTP Request EC6-1,200,OK,NON GUI TestCases using csv fies 1-3,text,true,,23161,143,10,10,https://www.easycalculation.com/formulas/index.php,652,0,0
1784784203279,935,HTTP Request easycal,200,OK,NON GUI TestCases using csv fies 1-5,text,true,,58970,272,10,10,https://www.easycalculation.com/faq/index.php,294,0,0
1784784203279,294,HTTP Request easycal-0,301,Moved Permanently,NON GUI TestCases using csv fies 1-5,text,true,,375,134,10,10,http://easycalculation.com/faq/index.php,294,0,0
1784784203573,641,HTTP Request easycal-1,200,OK,NON GUI TestCases using csv fies 1-5,text,true,,58595,138,10,10,https://www.easycalculation.com/faq/index.php,336,0,0
1784784203356,948,HTTP RequestEC5,200,OK,NON GUI TestCases using csv fies 1-2,text,true,,31978,288,10,10,https://www.easycalculation.com/charts-and-tables.php,344,0,0
1784784203356,344,HTTP RequestEC5-0,301,Moved Permanently,NON GUI TestCases using csv fies 1-2,text,true,,383,142,10,10,http://easycalculation.com/charts-and-tables.php,344,0,0
1784784203700,604,HTTP RequestEC5-1,200,OK,NON GUI TestCases using csv fies 1-2,text,true,,31595,146,10,10,https://www.easycalculation.com/charts-and-tables.php,318,0,0
1784784203482,948,HTTP Request easycal,200,OK,NON GUI TestCases using csv fies 1-9,text,true,,58970,272,10,10,https://www.easycalculation.com/faq/index.php,302,0,0
1784784203482,302,HTTP Request easycal-0,301,Moved Permanently,NON GUI TestCases using csv fies 1-9,text,true,,375,134,10,10,http://easycalculation.com/faq/index.php,302,0,0
1784784203784,646,HTTP Request easycal-1,200,OK,NON GUI TestCases using csv fies 1-9,text,true,,58595,138,10,10,https://www.easycalculation.com/faq/index.php,353,0,0
1784784203896,607,HTTP Request EC6,200,OK,NON GUI TestCases using csv fies 1-1,text,true,,23541,282,10,10,https://www.easycalculation.com/formulas/index.php,290,0,0
1784784203896,290,HTTP Request EC6-0,301,Moved Permanently,NON GUI TestCases using csv fies 1-1,text,true,,380,139,10,10,http://easycalculation.com/formulas/index.php,290,0,0
1784784204187,316,HTTP Request EC6-1,200,OK,NON GUI TestCases using csv fies 1-1,text,true,,23161,143,10,10,https://www.easycalculation.com/formulas/index.php,316,0,0
1784784203980,689,HTTP RequestEC5,200,OK,NON GUI TestCases using csv fies 1-7,text,true,,31978,288,10,10,https://www.easycalculation.com/charts-and-tables.php,308,0,0
1784784203980,308,HTTP RequestEC5-0,301,Moved Permanently,NON GUI TestCases using csv fies 1-7,text,true,,383,142,10,10,http://easycalculation.com/charts-and-tables.php,308,0,0
1784784204288,381,HTTP RequestEC5-1,200,OK,NON GUI TestCases using csv fies 1-7,text,true,,31595,146,10,10,https://www.easycalculation.com/charts-and-tables.php,366,0,0
1784784203700,975,HTTP RequestEC5,200,OK,NON GUI TestCases using csv fies 1-6,text,true,,31978,288,10,10,https://www.easycalculation.com/charts-and-tables.php,352,0,0
1784784203700,352,HTTP RequestEC5-0,301,Moved Permanently,NON GUI TestCases using csv fies 1-6,text,true,,383,142,10,10,http://easycalculation.com/charts-and-tables.php,352,0,0
1784784204052,623,HTTP RequestEC5-1,200,OK,NON GUI TestCases using csv fies 1-6,text,true,,31595,146,10,10,https://www.easycalculation.com/charts-and-tables.php,316,0,0
1784784203948,1001,HTTP RequestEC5,200,OK,NON GUI TestCases using csv fies 1-10,text,true,,31978,288,10,10,https://www.easycalculation.com/charts-and-tables.php,290,0,0
1784784203948,290,HTTP RequestEC5-0,301,Moved Permanently,NON GUI TestCases using csv fies 1-10,text,true,,383,142,10,10,http://easycalculation.com/charts-and-tables.php,290,0,0
1784784204238,711,HTTP RequestEC5-1,200,OK,NON GUI TestCases using csv fies 1-10,text,true,,31595,146,10,10,https://www.easycalculation.com/charts-and-tables.php,309,0,0
1784784203950,1006,HTTP Request EC3,200,OK,NON GUI TestCases using csv fies 1-4,text,true,,20179,302,10,10,https://www.easycalculation.com/currency-converter/index.php,314,0,0
1784784203950,314,HTTP Request EC3-0,301,Moved Permanently,NON GUI TestCases using csv fies 1-4,text,true,,390,149,10,10,http://easycalculation.com/currency-converter/index.php,314,0,0
1784784204264,692,HTTP Request EC3-1,200,OK,NON GUI TestCases using csv fies 1-4,text,true,,19789,153,10,10,https://www.easycalculation.com/currency-converter/index.php,306,0,0
1784784204305,666,HTTP Request EC6,200,OK,NON GUI TestCases using csv fies 1-2,text,true,,23541,282,10,10,https://www.easycalculation.com/formulas/index.php,295,0,0
1784784204305,295,HTTP Request EC6-0,301,Moved Permanently,NON GUI TestCases using csv fies 1-2,text,true,,380,139,10,10,http://easycalculation.com/formulas/index.php,295,0,0
1784784204600,371,HTTP Request EC6-1,200,OK,NON GUI TestCases using csv fies 1-2,text,true,,23161,143,10,10,https://www.easycalculation.com/formulas/index.php,371,0,0
1784784203982,1094,HTTP Request easycal,200,OK,NON GUI TestCases using csv fies 1-3,text,true,,58970,272,10,10,https://www.easycalculation.com/faq/index.php,322,0,0
1784784203982,322,HTTP Request easycal-0,301,Moved Permanently,NON GUI TestCases using csv fies 1-3,text,true,,375,134,10,10,http://easycalculation.com/faq/index.php,322,0,0
1784784204305,771,HTTP Request easycal-1,200,OK,NON GUI TestCases using csv fies 1-3,text,true,,58595,138,10,10,https://www.easycalculation.com/faq/index.php,319,0,0
1784784204215,897,HTTP Request practiceautomation,200,OK,NON GUI TestCases using csv fies 1-5,text,true,,123257,296,10,10,https://practicetestautomation.com/practice-test-login/,127,0,0
1784784204215,131,HTTP Request practiceautomation-0,301,Moved Permanently,NON GUI TestCases using csv fies 1-5,text,true,,1390,148,10,10,http://practicetestautomation.com/practice-test-login/,127,0,0
1784784204346,766,HTTP Request practiceautomation-1,200,OK,NON GUI TestCases using csv fies 1-5,text,true,,121867,148,10,10,https://practicetestautomation.com/practice-test-login/,644,0,0
1784784203684,1506,HTTP Request practiceautomation,200,OK,NON GUI TestCases using csv fies 1-8,text,true,,123258,296,10,10,https://practicetestautomation.com/practice-test-login/,110,0,0
1784784203684,110,HTTP Request practiceautomation-0,301,Moved Permanently,NON GUI TestCases using csv fies 1-8,text,true,,1384,148,10,10,http://practicetestautomation.com/practice-test-login/,110,0,0
1784784203794,1396,HTTP Request practiceautomation-1,200,OK,NON GUI TestCases using csv fies 1-8,text,true,,121874,148,10,10,https://practicetestautomation.com/practice-test-login/,1318,0,0
1784784204676,829,HTTP Request EC6,200,OK,NON GUI TestCases using csv fies 1-6,text,true,,23541,282,10,10,https://www.easycalculation.com/formulas/index.php,436,0,0
1784784204676,436,HTTP Request EC6-0,301,Moved Permanently,NON GUI TestCases using csv fies 1-6,text,true,,380,139,10,10,http://easycalculation.com/formulas/index.php,436,0,0
1784784205112,393,HTTP Request EC6-1,200,OK,NON GUI TestCases using csv fies 1-6,text,true,,23161,143,10,10,https://www.easycalculation.com/formulas/index.php,389,0,0
1784784204669,848,HTTP Request EC6,200,OK,NON GUI TestCases using csv fies 1-7,text,true,,23541,282,10,10,https://www.easycalculation.com/formulas/index.php,443,0,0
1784784204669,443,HTTP Request EC6-0,301,Moved Permanently,NON GUI TestCases using csv fies 1-7,text,true,,380,139,10,10,http://easycalculation.com/formulas/index.php,443,0,0
1784784205112,405,HTTP Request EC6-1,200,OK,NON GUI TestCases using csv fies 1-7,text,true,,23161,143,10,10,https://www.easycalculation.com/formulas/index.php,395,0,0
1784784204503,1046,HTTP Request easycal,200,OK,NON GUI TestCases using csv fies 1-1,text,true,,58970,272,10,10,https://www.easycalculation.com/faq/index.php,334,0,0
1784784204503,334,HTTP Request easycal-0,301,Moved Permanently,NON GUI TestCases using csv fies 1-1,text,true,,375,134,10,10,http://easycalculation.com/faq/index.php,334,0,0
1784784204837,712,HTTP Request easycal-1,200,OK,NON GUI TestCases using csv fies 1-1,text,true,,58595,138,10,10,https://www.easycalculation.com/faq/index.php,343,0,0
1784784204957,904,HTTP Request EC4,200,OK,NON GUI TestCases using csv fies 1-4,text,true,,21848,270,10,10,https://www.easycalculation.com/examples.php,294,0,0
1784784204957,294,HTTP Request EC4-0,301,Moved Permanently,NON GUI TestCases using csv fies 1-4,text,true,,374,133,10,10,http://easycalculation.com/examples.php,294,0,0
1784784205251,610,HTTP Request EC4-1,200,OK,NON GUI TestCases using csv fies 1-4,text,true,,21474,137,10,10,https://www.easycalculation.com/examples.php,323,0,0
1784784204972,1090,HTTP Request easycal,200,OK,NON GUI TestCases using csv fies 1-2,text,true,,58970,272,10,10,https://www.easycalculation.com/faq/index.php,316,0,0
1784784204972,316,HTTP Request easycal-0,301,Moved Permanently,NON GUI TestCases using csv fies 1-2,text,true,,375,134,10,10,http://easycalculation.com/faq/index.php,316,0,0
1784784205288,774,HTTP Request easycal-1,200,OK,NON GUI TestCases using csv fies 1-2,text,true,,58595,138,10,10,https://www.easycalculation.com/faq/index.php,299,0,0
1784784205077,1227,HTTP Request practiceautomation,200,OK,NON GUI TestCases using csv fies 1-3,text,true,,123414,296,10,10,https://practicetestautomation.com/practice-test-login/,117,0,0
1784784205077,118,HTTP Request practiceautomation-0,301,Moved Permanently,NON GUI TestCases using csv fies 1-3,text,true,,1388,148,10,10,http://practicetestautomation.com/practice-test-login/,117,0,0
1784784205195,1109,HTTP Request practiceautomation-1,200,OK,NON GUI TestCases using csv fies 1-3,text,true,,122026,148,10,10,https://practicetestautomation.com/practice-test-login/,867,0,0
1784784205191,1234,HTTP Request PA3,200,OK,NON GUI TestCases using csv fies 1-8,text,true,,125047,274,10,10,https://practicetestautomation.com/practice/,116,0,0
1784784205191,118,HTTP Request PA3-0,301,Moved Permanently,NON GUI TestCases using csv fies 1-8,text,true,,1375,137,10,10,http://practicetestautomation.com/practice/,116,0,0
1784784205309,1116,HTTP Request PA3-1,200,OK,NON GUI TestCases using csv fies 1-8,text,true,,123672,137,10,10,https://practicetestautomation.com/practice/,1023,0,0
1784784205113,1427,HTTP Request PA3,200,OK,NON GUI TestCases using csv fies 1-5,text,true,,125049,274,10,10,https://practicetestautomation.com/practice/,127,0,0
1784784205113,127,HTTP Request PA3-0,301,Moved Permanently,NON GUI TestCases using csv fies 1-5,text,true,,1379,137,10,10,http://practicetestautomation.com/practice/,127,0,0
1784784205240,1300,HTTP Request PA3-1,200,OK,NON GUI TestCases using csv fies 1-5,text,true,,123670,137,10,10,https://practicetestautomation.com/practice/,755,0,0
1784784204430,2198,HTTP Request practiceautomation,200,OK,NON GUI TestCases using csv fies 1-9,text,true,,123407,296,10,10,https://practicetestautomation.com/practice-test-login/,245,0,101
1784784204430,245,HTTP Request practiceautomation-0,301,Moved Permanently,NON GUI TestCases using csv fies 1-9,text,true,,1384,148,10,10,http://practicetestautomation.com/practice-test-login/,245,0,101
1784784204675,1953,HTTP Request practiceautomation-1,200,OK,NON GUI TestCases using csv fies 1-9,text,true,,122023,148,10,10,https://practicetestautomation.com/practice-test-login/,1785,0,424
1784784205517,1259,HTTP Request easycal,200,OK,NON GUI TestCases using csv fies 1-7,text,true,,58970,272,10,10,https://www.easycalculation.com/faq/index.php,304,0,0
1784784205517,304,HTTP Request easycal-0,301,Moved Permanently,NON GUI TestCases using csv fies 1-7,text,true,,375,134,10,10,http://easycalculation.com/faq/index.php,304,0,0
1784784205821,955,HTTP Request easycal-1,200,OK,NON GUI TestCases using csv fies 1-7,text,true,,58595,138,10,10,https://www.easycalculation.com/faq/index.php,630,0,0
1784784205505,1368,HTTP Request easycal,200,OK,NON GUI TestCases using csv fies 1-6,text,true,,58970,272,10,10,https://www.easycalculation.com/faq/index.php,356,0,0
1784784205505,356,HTTP Request easycal-0,301,Moved Permanently,NON GUI TestCases using csv fies 1-6,text,true,,375,134,10,10,http://easycalculation.com/faq/index.php,356,0,0
1784784205862,1011,HTTP Request easycal-1,200,OK,NON GUI TestCases using csv fies 1-6,text,true,,58595,138,10,10,https://www.easycalculation.com/faq/index.php,654,0,0
1784784206305,794,HTTP Request PA3,200,OK,NON GUI TestCases using csv fies 1-3,text,true,,125198,274,10,10,https://practicetestautomation.com/practice/,238,0,0
1784784206305,238,HTTP Request PA3-0,301,Moved Permanently,NON GUI TestCases using csv fies 1-3,text,true,,1373,137,10,10,http://practicetestautomation.com/practice/,238,0,0
1784784206543,556,HTTP Request PA3-1,200,OK,NON GUI TestCases using csv fies 1-3,text,true,,123825,137,10,10,https://practicetestautomation.com/practice/,370,0,0
1784784205550,1621,HTTP Request practiceautomation,200,OK,NON GUI TestCases using csv fies 1-1,text,true,,123429,296,10,10,https://practicetestautomation.com/practice-test-login/,119,0,0
1784784205550,124,HTTP Request practiceautomation-0,301,Moved Permanently,NON GUI TestCases using csv fies 1-1,text,true,,1396,148,10,10,http://practicetestautomation.com/practice-test-login/,119,0,0
1784784205674,1497,HTTP Request practiceautomation-1,200,OK,NON GUI TestCases using csv fies 1-1,text,true,,122033,148,10,10,https://practicetestautomation.com/practice-test-login/,1465,0,0
1784784205862,1313,HTTP RequestEC5,200,OK,NON GUI TestCases using csv fies 1-4,text,true,,31978,288,10,10,https://www.easycalculation.com/charts-and-tables.php,642,0,0
1784784205862,642,HTTP RequestEC5-0,301,Moved Permanently,NON GUI TestCases using csv fies 1-4,text,true,,383,142,10,10,http://easycalculation.com/charts-and-tables.php,642,0,0
1784784206504,671,HTTP RequestEC5-1,200,OK,NON GUI TestCases using csv fies 1-4,text,true,,31595,146,10,10,https://www.easycalculation.com/charts-and-tables.php,366,0,0
1784784204950,2233,HTTP Request EC6,200,OK,NON GUI TestCases using csv fies 1-10,text,true,,23541,282,10,10,https://www.easycalculation.com/formulas/index.php,632,0,313
1784784204950,632,HTTP Request EC6-0,301,Moved Permanently,NON GUI TestCases using csv fies 1-10,text,true,,380,139,10,10,http://easycalculation.com/formulas/index.php,632,0,313
1784784205582,1601,HTTP Request EC6-1,200,OK,NON GUI TestCases using csv fies 1-10,text,true,,23161,143,10,10,https://www.easycalculation.com/formulas/index.php,1599,0,965
1784784207175,641,HTTP Request EC6,200,OK,NON GUI TestCases using csv fies 1-4,text,true,,23541,282,10,10,https://www.easycalculation.com/formulas/index.php,294,0,0
1784784207175,294,HTTP Request EC6-0,301,Moved Permanently,NON GUI TestCases using csv fies 1-4,text,true,,380,139,10,10,http://easycalculation.com/formulas/index.php,294,0,0
1784784207469,347,HTTP Request EC6-1,200,OK,NON GUI TestCases using csv fies 1-4,text,true,,23161,143,10,10,https://www.easycalculation.com/formulas/index.php,347,0,0
1784784206541,1613,HTTP Request PA2,200,OK,NON GUI TestCases using csv fies 1-5,text,true,,160587,272,9,9,https://practicetestautomation.com/courses/,131,0,0
1784784206541,131,HTTP Request PA2-0,301,Moved Permanently,NON GUI TestCases using csv fies 1-5,text,true,,1376,136,9,9,http://practicetestautomation.com/courses/,131,0,0
1784784206672,1482,HTTP Request PA2-1,200,OK,NON GUI TestCases using csv fies 1-5,text,true,,159211,136,9,9,https://practicetestautomation.com/courses/,1275,0,0
1784784206426,1728,HTTP Request PA2,200,OK,NON GUI TestCases using csv fies 1-8,text,true,,160589,272,9,9,https://practicetestautomation.com/courses/,120,0,0
1784784206426,120,HTTP Request PA2-0,301,Moved Permanently,NON GUI TestCases using csv fies 1-8,text,true,,1378,136,9,9,http://practicetestautomation.com/courses/,120,0,0
1784784206546,1608,HTTP Request PA2-1,200,OK,NON GUI TestCases using csv fies 1-8,text,true,,159211,136,9,9,https://practicetestautomation.com/courses/,1350,0,0
1784784208154,0,,Non HTTP response code: java.net.MalformedURLException,Non HTTP response message: Illegal character found in host: '/',NON GUI TestCases using csv fies 1-5,text,false,,875,0,9,9,null,0,0,0
1784784208154,0,,Non HTTP response code: java.net.MalformedURLException,Non HTTP response message: Illegal character found in host: '/',NON GUI TestCases using csv fies 1-8,text,false,,875,0,9,9,null,0,0,0
1784784206063,2166,HTTP Request practiceautomation,200,OK,NON GUI TestCases using csv fies 1-2,text,true,,123424,296,9,9,https://practicetestautomation.com/practice-test-login/,587,0,470
1784784207183,1046,HTTP Request easycal,200,OK,NON GUI TestCases using csv fies 1-10,text,true,,58970,272,9,9,https://www.easycalculation.com/faq/index.php,305,0,0
1784784206063,587,HTTP Request practiceautomation-0,301,Moved Permanently,NON GUI TestCases using csv fies 1-2,text,true,,1394,148,9,9,http://practicetestautomation.com/practice-test-login/,587,0,470
1784784207183,305,HTTP Request easycal-0,301,Moved Permanently,NON GUI TestCases using csv fies 1-10,text,true,,375,134,9,9,http://easycalculation.com/faq/index.php,305,0,0
1784784206651,1578,HTTP Request practiceautomation-1,200,OK,NON GUI TestCases using csv fies 1-2,text,true,,122030,148,9,9,https://practicetestautomation.com/practice-test-login/,1286,0,245
1784784207488,741,HTTP Request easycal-1,200,OK,NON GUI TestCases using csv fies 1-10,text,true,,58595,138,9,9,https://www.easycalculation.com/faq/index.php,342,0,0
1784784207171,1921,HTTP Request PA3,200,OK,NON GUI TestCases using csv fies 1-1,text,true,,125201,274,9,9,https://practicetestautomation.com/practice/,118,0,0
1784784207171,119,HTTP Request PA3-0,301,Moved Permanently,NON GUI TestCases using csv fies 1-1,text,true,,1375,137,9,9,http://practicetestautomation.com/practice/,118,0,0
1784784207290,1802,HTTP Request PA3-1,200,OK,NON GUI TestCases using csv fies 1-1,text,true,,123826,137,9,9,https://practicetestautomation.com/practice/,1602,0,0
1784784208154,1183, HTTP Request EC2,200,OK,NON GUI TestCases using csv fies 1-8,text,true,,24641,296,9,9,https://www.easycalculation.com/unit-conversion/index.php,316,0,0
1784784208154,1183, HTTP Request EC2,200,OK,NON GUI TestCases using csv fies 1-5,text,true,,24641,296,9,9,https://www.easycalculation.com/unit-conversion/index.php,299,0,0
1784784208154,316, HTTP Request EC2-0,301,Moved Permanently,NON GUI TestCases using csv fies 1-8,text,true,,387,146,9,9,http://easycalculation.com/unit-conversion/index.php,316,0,0
1784784208154,299, HTTP Request EC2-0,301,Moved Permanently,NON GUI TestCases using csv fies 1-5,text,true,,387,146,9,9,http://easycalculation.com/unit-conversion/index.php,299,0,0
1784784208470,867, HTTP Request EC2-1,200,OK,NON GUI TestCases using csv fies 1-8,text,true,,24254,150,9,9,https://www.easycalculation.com/unit-conversion/index.php,867,0,0
1784784208453,884, HTTP Request EC2-1,200,OK,NON GUI TestCases using csv fies 1-5,text,true,,24254,150,9,9,https://www.easycalculation.com/unit-conversion/index.php,769,0,0
1784784206874,2589,HTTP Request practiceautomation,200,OK,NON GUI TestCases using csv fies 1-6,text,true,,123411,296,9,9,https://practicetestautomation.com/practice-test-login/,386,0,223
1784784206874,386,HTTP Request practiceautomation-0,301,Moved Permanently,NON GUI TestCases using csv fies 1-6,text,true,,1384,148,9,9,http://practicetestautomation.com/practice-test-login/,386,0,223
1784784207260,2203,HTTP Request practiceautomation-1,200,OK,NON GUI TestCases using csv fies 1-6,text,true,,122027,148,9,9,https://practicetestautomation.com/practice-test-login/,1633,0,242
1784784206628,2948,HTTP Request PA3,200,OK,NON GUI TestCases using csv fies 1-9,text,true,,125203,274,9,9,https://practicetestautomation.com/practice/,131,0,0
1784784206628,131,HTTP Request PA3-0,301,Moved Permanently,NON GUI TestCases using csv fies 1-9,text,true,,1377,137,9,9,http://practicetestautomation.com/practice/,131,0,0
1784784206759,2817,HTTP Request PA3-1,200,OK,NON GUI TestCases using csv fies 1-9,text,true,,123826,137,9,9,https://practicetestautomation.com/practice/,2196,0,0
1784784207099,2484,HTTP Request PA2,200,OK,NON GUI TestCases using csv fies 1-3,text,true,,160732,272,9,9,https://practicetestautomation.com/courses/,158,0,0
1784784207099,161,HTTP Request PA2-0,301,Moved Permanently,NON GUI TestCases using csv fies 1-3,text,true,,1368,136,9,9,http://practicetestautomation.com/courses/,158,0,0
1784784207260,2323,HTTP Request PA2-1,200,OK,NON GUI TestCases using csv fies 1-3,text,true,,159364,136,9,9,https://practicetestautomation.com/courses/,1673,0,0
1784784209583,0,,Non HTTP response code: java.net.MalformedURLException,Non HTTP response message: Illegal character found in host: '/',NON GUI TestCases using csv fies 1-3,text,false,,875,0,9,9,null,0,0,0
1784784206776,2815,HTTP Request practiceautomation,200,OK,NON GUI TestCases using csv fies 1-7,text,true,,123411,296,9,9,https://practicetestautomation.com/practice-test-login/,122,0,0
1784784206776,122,HTTP Request practiceautomation-0,301,Moved Permanently,NON GUI TestCases using csv fies 1-7,text,true,,1386,148,9,9,http://practicetestautomation.com/practice-test-login/,122,0,0
1784784206898,2693,HTTP Request practiceautomation-1,200,OK,NON GUI TestCases using csv fies 1-7,text,true,,122025,148,9,9,https://practicetestautomation.com/practice-test-login/,2445,0,0
1784784209337,920,HTTP Request EC3,200,OK,NON GUI TestCases using csv fies 1-8,text,true,,20179,302,9,9,https://www.easycalculation.com/currency-converter/index.php,297,0,0
1784784209337,297,HTTP Request EC3-0,301,Moved Permanently,NON GUI TestCases using csv fies 1-8,text,true,,390,149,9,9,http://easycalculation.com/currency-converter/index.php,297,0,0
1784784209634,623,HTTP Request EC3-1,200,OK,NON GUI TestCases using csv fies 1-8,text,true,,19789,153,9,9,https://www.easycalculation.com/currency-converter/index.php,358,0,0
1784784209337,1004,HTTP Request EC3,200,OK,NON GUI TestCases using csv fies 1-5,text,true,,20179,302,9,9,https://www.easycalculation.com/currency-converter/index.php,291,0,0
1784784209337,291,HTTP Request EC3-0,301,Moved Permanently,NON GUI TestCases using csv fies 1-5,text,true,,390,149,9,9,http://easycalculation.com/currency-converter/index.php,291,0,0
1784784209628,713,HTTP Request EC3-1,200,OK,NON GUI TestCases using csv fies 1-5,text,true,,19789,153,9,9,https://www.easycalculation.com/currency-converter/index.php,402,0,0
1784784209583,999, HTTP Request EC2,200,OK,NON GUI TestCases using csv fies 1-3,text,true,,24641,296,9,9,https://www.easycalculation.com/unit-conversion/index.php,352,0,0
1784784209583,352, HTTP Request EC2-0,301,Moved Permanently,NON GUI TestCases using csv fies 1-3,text,true,,387,146,9,9,http://easycalculation.com/unit-conversion/index.php,352,0,0
1784784209935,647, HTTP Request EC2-1,200,OK,NON GUI TestCases using csv fies 1-3,text,true,,24254,150,9,9,https://www.easycalculation.com/unit-conversion/index.php,612,0,0
1784784210342,662,HTTP Request EC4,200,OK,NON GUI TestCases using csv fies 1-5,text,true,,21848,270,9,9,https://www.easycalculation.com/examples.php,284,0,0
1784784210342,284,HTTP Request EC4-0,301,Moved Permanently,NON GUI TestCases using csv fies 1-5,text,true,,374,133,9,9,http://easycalculation.com/examples.php,284,0,0
1784784210626,378,HTTP Request EC4-1,200,OK,NON GUI TestCases using csv fies 1-5,text,true,,21474,137,9,9,https://www.easycalculation.com/examples.php,372,0,0
1784784208229,2842,HTTP Request PA3,200,OK,NON GUI TestCases using csv fies 1-2,text,true,,125211,274,9,9,https://practicetestautomation.com/practice/,186,0,0
1784784208229,186,HTTP Request PA3-0,301,Moved Permanently,NON GUI TestCases using csv fies 1-2,text,true,,1373,137,9,9,http://practicetestautomation.com/practice/,186,0,0
1784784208415,2656,HTTP Request PA3-1,200,OK,NON GUI TestCases using csv fies 1-2,text,true,,123838,137,9,9,https://practicetestautomation.com/practice/,2520,0,0
1784784210260,923,HTTP Request EC4,200,OK,NON GUI TestCases using csv fies 1-8,text,true,,21848,270,9,9,https://www.easycalculation.com/examples.php,323,0,0
1784784210260,323,HTTP Request EC4-0,301,Moved Permanently,NON GUI TestCases using csv fies 1-8,text,true,,374,133,9,9,http://easycalculation.com/examples.php,323,0,0
1784784210583,600,HTTP Request EC4-1,200,OK,NON GUI TestCases using csv fies 1-8,text,true,,21474,137,9,9,https://www.easycalculation.com/examples.php,324,0,0
1784784210583,997,HTTP Request EC3,200,OK,NON GUI TestCases using csv fies 1-3,text,true,,20179,302,9,9,https://www.easycalculation.com/currency-converter/index.php,352,0,0
1784784210583,352,HTTP Request EC3-0,301,Moved Permanently,NON GUI TestCases using csv fies 1-3,text,true,,390,149,9,9,http://easycalculation.com/currency-converter/index.php,352,0,0
1784784210936,644,HTTP Request EC3-1,200,OK,NON GUI TestCases using csv fies 1-3,text,true,,19789,153,9,9,https://www.easycalculation.com/currency-converter/index.php,644,0,0
1784784211004,663,HTTP RequestEC5,200,OK,NON GUI TestCases using csv fies 1-5,text,true,,31978,288,9,9,https://www.easycalculation.com/charts-and-tables.php,308,0,0
1784784211004,308,HTTP RequestEC5-0,301,Moved Permanently,NON GUI TestCases using csv fies 1-5,text,true,,383,142,9,9,http://easycalculation.com/charts-and-tables.php,308,0,0
1784784211312,355,HTTP RequestEC5-1,200,OK,NON GUI TestCases using csv fies 1-5,text,true,,31595,146,9,9,https://www.easycalculation.com/charts-and-tables.php,353,0,0
1784784211184,927,HTTP RequestEC5,200,OK,NON GUI TestCases using csv fies 1-8,text,true,,31978,288,9,9,https://www.easycalculation.com/charts-and-tables.php,314,0,0
1784784211184,314,HTTP RequestEC5-0,301,Moved Permanently,NON GUI TestCases using csv fies 1-8,text,true,,383,142,9,9,http://easycalculation.com/charts-and-tables.php,314,0,0
1784784211498,613,HTTP RequestEC5-1,200,OK,NON GUI TestCases using csv fies 1-8,text,true,,31595,146,9,9,https://www.easycalculation.com/charts-and-tables.php,302,0,0
1784784208229,4031,HTTP Request practiceautomation,200,OK,NON GUI TestCases using csv fies 1-10,text,true,,123425,296,9,9,https://practicetestautomation.com/practice-test-login/,186,0,0
1784784208229,186,HTTP Request practiceautomation-0,301,Moved Permanently,NON GUI TestCases using csv fies 1-10,text,true,,1394,148,9,9,http://practicetestautomation.com/practice-test-login/,186,0,0
1784784208415,3845,HTTP Request practiceautomation-1,200,OK,NON GUI TestCases using csv fies 1-10,text,true,,122031,148,9,9,https://practicetestautomation.com/practice-test-login/,3696,0,0
1784784211668,647,HTTP Request EC6,200,OK,NON GUI TestCases using csv fies 1-5,text,true,,23541,282,9,9,https://www.easycalculation.com/formulas/index.php,307,0,0
1784784211668,307,HTTP Request EC6-0,301,Moved Permanently,NON GUI TestCases using csv fies 1-5,text,true,,380,139,9,9,http://easycalculation.com/formulas/index.php,307,0,0
1784784211975,340,HTTP Request EC6-1,200,OK,NON GUI TestCases using csv fies 1-5,text,true,,23161,143,9,9,https://www.easycalculation.com/formulas/index.php,337,0,0
1784784211581,964,HTTP Request EC4,200,OK,NON GUI TestCases using csv fies 1-3,text,true,,21848,270,8,8,https://www.easycalculation.com/examples.php,310,0,0
1784784211581,310,HTTP Request EC4-0,301,Moved Permanently,NON GUI TestCases using csv fies 1-3,text,true,,374,133,8,8,http://easycalculation.com/examples.php,310,0,0
1784784211891,654,HTTP Request EC4-1,200,OK,NON GUI TestCases using csv fies 1-3,text,true,,21474,137,8,8,https://www.easycalculation.com/examples.php,369,0,0
1784784212112,606,HTTP Request EC6,200,OK,NON GUI TestCases using csv fies 1-8,text,true,,23541,282,8,8,https://www.easycalculation.com/formulas/index.php,298,0,0
1784784212112,298,HTTP Request EC6-0,301,Moved Permanently,NON GUI TestCases using csv fies 1-8,text,true,,380,139,8,8,http://easycalculation.com/formulas/index.php,298,0,0
1784784212411,307,HTTP Request EC6-1,200,OK,NON GUI TestCases using csv fies 1-8,text,true,,23161,143,8,8,https://www.easycalculation.com/formulas/index.php,297,0,0
1784784212545,948,HTTP RequestEC5,200,OK,NON GUI TestCases using csv fies 1-3,text,true,,31978,288,8,8,https://www.easycalculation.com/charts-and-tables.php,307,0,0
1784784212545,307,HTTP RequestEC5-0,301,Moved Permanently,NON GUI TestCases using csv fies 1-3,text,true,,383,142,8,8,http://easycalculation.com/charts-and-tables.php,307,0,0
1784784212852,641,HTTP RequestEC5-1,200,OK,NON GUI TestCases using csv fies 1-3,text,true,,31595,146,8,8,https://www.easycalculation.com/charts-and-tables.php,608,0,0
1784784212719,952,HTTP Request easycal,200,OK,NON GUI TestCases using csv fies 1-8,text,true,,58970,272,8,8,https://www.easycalculation.com/faq/index.php,318,0,0
1784784212719,318,HTTP Request easycal-0,301,Moved Permanently,NON GUI TestCases using csv fies 1-8,text,true,,375,134,8,8,http://easycalculation.com/faq/index.php,318,0,0
1784784213037,634,HTTP Request easycal-1,200,OK,NON GUI TestCases using csv fies 1-8,text,true,,58595,138,8,8,https://www.easycalculation.com/faq/index.php,305,0,0
1784784209591,4702,HTTP Request PA3,200,OK,NON GUI TestCases using csv fies 1-7,text,true,,125201,274,8,8,https://practicetestautomation.com/practice/,110,0,0
1784784209591,110,HTTP Request PA3-0,301,Moved Permanently,NON GUI TestCases using csv fies 1-7,text,true,,1383,137,8,8,http://practicetestautomation.com/practice/,110,0,0
1784784209702,4591,HTTP Request PA3-1,200,OK,NON GUI TestCases using csv fies 1-7,text,true,,123818,137,8,8,https://practicetestautomation.com/practice/,4318,0,0
1784784209463,4878,HTTP Request PA3,200,OK,NON GUI TestCases using csv fies 1-6,text,true,,125209,274,8,8,https://practicetestautomation.com/practice/,151,0,0
1784784209463,151,HTTP Request PA3-0,301,Moved Permanently,NON GUI TestCases using csv fies 1-6,text,true,,1377,137,8,8,http://practicetestautomation.com/practice/,151,0,0
1784784209614,4727,HTTP Request PA3-1,200,OK,NON GUI TestCases using csv fies 1-6,text,true,,123832,137,8,8,https://practicetestautomation.com/practice/,4283,0,0
1784784209576,4879,HTTP Request PA2,200,OK,NON GUI TestCases using csv fies 1-9,text,true,,160740,272,8,8,https://practicetestautomation.com/courses/,115,0,0
1784784209576,115,HTTP Request PA2-0,301,Moved Permanently,NON GUI TestCases using csv fies 1-9,text,true,,1378,136,8,8,http://practicetestautomation.com/courses/,115,0,0
1784784209691,4764,HTTP Request PA2-1,200,OK,NON GUI TestCases using csv fies 1-9,text,true,,159362,136,8,8,https://practicetestautomation.com/courses/,4304,0,0
1784784214455,0,,Non HTTP response code: java.net.MalformedURLException,Non HTTP response message: Illegal character found in host: '/',NON GUI TestCases using csv fies 1-9,text,false,,875,0,8,8,null,0,0,0
1784784213494,1197,HTTP Request EC6,200,OK,NON GUI TestCases using csv fies 1-3,text,true,,23541,282,8,8,https://www.easycalculation.com/formulas/index.php,315,0,0
1784784213494,315,HTTP Request EC6-0,301,Moved Permanently,NON GUI TestCases using csv fies 1-3,text,true,,380,139,8,8,http://easycalculation.com/formulas/index.php,315,0,0
1784784213809,882,HTTP Request EC6-1,200,OK,NON GUI TestCases using csv fies 1-3,text,true,,23161,143,8,8,https://www.easycalculation.com/formulas/index.php,568,0,0
1784784211071,4090,HTTP Request PA2,200,OK,NON GUI TestCases using csv fies 1-2,text,true,,160740,272,7,7,https://practicetestautomation.com/courses/,118,0,0
1784784211071,124,HTTP Request PA2-0,301,Moved Permanently,NON GUI TestCases using csv fies 1-2,text,true,,1374,136,7,7,http://practicetestautomation.com/courses/,118,0,0
1784784211195,3966,HTTP Request PA2-1,200,OK,NON GUI TestCases using csv fies 1-2,text,true,,159366,136,7,7,https://practicetestautomation.com/courses/,3705,0,0
1784784215161,0,,Non HTTP response code: java.net.MalformedURLException,Non HTTP response message: Illegal character found in host: '/',NON GUI TestCases using csv fies 1-2,text,false,,875,0,7,7,null,0,0,0
1784784212261,3074,HTTP Request PA3,200,OK,NON GUI TestCases using csv fies 1-10,text,true,,125052,274,7,7,https://practicetestautomation.com/practice/,229,0,109
1784784212261,229,HTTP Request PA3-0,301,Moved Permanently,NON GUI TestCases using csv fies 1-10,text,true,,1377,137,7,7,http://practicetestautomation.com/practice/,229,0,109
1784784212490,2845,HTTP Request PA3-1,200,OK,NON GUI TestCases using csv fies 1-10,text,true,,123675,137,7,7,https://practicetestautomation.com/practice/,2457,0,230
1784784209093,6414,HTTP Request PA2,200,OK,NON GUI TestCases using csv fies 1-1,text,true,,160746,272,7,7,https://practicetestautomation.com/courses/,567,0,466
1784784209093,567,HTTP Request PA2-0,301,Moved Permanently,NON GUI TestCases using csv fies 1-1,text,true,,1384,136,7,7,http://practicetestautomation.com/courses/,567,0,466
1784784209660,5847,HTTP Request PA2-1,200,OK,NON GUI TestCases using csv fies 1-1,text,true,,159362,136,7,7,https://practicetestautomation.com/courses/,5501,0,285
1784784215508,0,,Non HTTP response code: java.net.MalformedURLException,Non HTTP response message: Illegal character found in host: '/',NON GUI TestCases using csv fies 1-1,text,false,,875,0,7,7,null,0,0,0
1784784214455,1572, HTTP Request EC2,200,OK,NON GUI TestCases using csv fies 1-9,text,true,,24641,296,7,7,https://www.easycalculation.com/unit-conversion/index.php,299,0,0
1784784214455,299, HTTP Request EC2-0,301,Moved Permanently,NON GUI TestCases using csv fies 1-9,text,true,,387,146,7,7,http://easycalculation.com/unit-conversion/index.php,299,0,0
1784784214754,1273, HTTP Request EC2-1,200,OK,NON GUI TestCases using csv fies 1-9,text,true,,24254,150,7,7,https://www.easycalculation.com/unit-conversion/index.php,1273,0,0
1784784215161,1305, HTTP Request EC2,200,OK,NON GUI TestCases using csv fies 1-2,text,true,,24641,296,7,7,https://www.easycalculation.com/unit-conversion/index.php,301,0,0
1784784215161,301, HTTP Request EC2-0,301,Moved Permanently,NON GUI TestCases using csv fies 1-2,text,true,,387,146,7,7,http://easycalculation.com/unit-conversion/index.php,301,0,0
1784784215462,1004, HTTP Request EC2-1,200,OK,NON GUI TestCases using csv fies 1-2,text,true,,24254,150,7,7,https://www.easycalculation.com/unit-conversion/index.php,968,0,0
1784784214341,2166,HTTP Request PA2,200,OK,NON GUI TestCases using csv fies 1-6,text,true,,160732,272,7,7,https://practicetestautomation.com/courses/,149,0,0
1784784214341,149,HTTP Request PA2-0,301,Moved Permanently,NON GUI TestCases using csv fies 1-6,text,true,,1372,136,7,7,http://practicetestautomation.com/courses/,149,0,0
1784784214491,2016,HTTP Request PA2-1,200,OK,NON GUI TestCases using csv fies 1-6,text,true,,159360,136,7,7,https://practicetestautomation.com/courses/,1422,0,0
1784784216508,0,,Non HTTP response code: java.net.MalformedURLException,Non HTTP response message: Illegal character found in host: '/',NON GUI TestCases using csv fies 1-6,text,false,,875,0,7,7,null,0,0,0
1784784214294,2240,HTTP Request PA2,200,OK,NON GUI TestCases using csv fies 1-7,text,true,,160734,272,7,7,https://practicetestautomation.com/courses/,154,0,0
1784784214294,154,HTTP Request PA2-0,301,Moved Permanently,NON GUI TestCases using csv fies 1-7,text,true,,1374,136,7,7,http://practicetestautomation.com/courses/,154,0,0
1784784214448,2086,HTTP Request PA2-1,200,OK,NON GUI TestCases using csv fies 1-7,text,true,,159360,136,7,7,https://practicetestautomation.com/courses/,1551,0,0
1784784216535,0,,Non HTTP response code: java.net.MalformedURLException,Non HTTP response message: Illegal character found in host: '/',NON GUI TestCases using csv fies 1-7,text,false,,875,0,7,7,null,0,0,0
1784784213672,2873,HTTP Request practiceautomation,200,OK,NON GUI TestCases using csv fies 1-8,text,true,,123271,296,7,7,https://practicetestautomation.com/practice-test-login/,268,0,111
1784784213672,268,HTTP Request practiceautomation-0,301,Moved Permanently,NON GUI TestCases using csv fies 1-8,text,true,,1238,148,7,7,http://practicetestautomation.com/practice-test-login/,268,0,111
1784784213940,2605,HTTP Request practiceautomation-1,200,OK,NON GUI TestCases using csv fies 1-8,text,true,,122033,148,7,7,https://practicetestautomation.com/practice-test-login/,1964,0,514
1784784215336,1338,HTTP Request PA2,200,OK,NON GUI TestCases using csv fies 1-10,text,true,,160586,272,7,7,https://practicetestautomation.com/courses/,116,0,0
1784784215336,126,HTTP Request PA2-0,301,Moved Permanently,NON GUI TestCases using csv fies 1-10,text,true,,1372,136,7,7,http://practicetestautomation.com/courses/,116,0,0
1784784215462,1212,HTTP Request PA2-1,200,OK,NON GUI TestCases using csv fies 1-10,text,true,,159214,136,7,7,https://practicetestautomation.com/courses/,926,0,0
1784784216676,0,,Non HTTP response code: java.net.MalformedURLException,Non HTTP response message: Illegal character found in host: '/',NON GUI TestCases using csv fies 1-10,text,false,,875,0,7,7,null,0,0,0
1784784215508,1287, HTTP Request EC2,200,OK,NON GUI TestCases using csv fies 1-1,text,true,,24641,296,7,7,https://www.easycalculation.com/unit-conversion/index.php,315,0,0
1784784215508,315, HTTP Request EC2-0,301,Moved Permanently,NON GUI TestCases using csv fies 1-1,text,true,,387,146,7,7,http://easycalculation.com/unit-conversion/index.php,315,0,0
1784784215823,972, HTTP Request EC2-1,200,OK,NON GUI TestCases using csv fies 1-1,text,true,,24254,150,7,7,https://www.easycalculation.com/unit-conversion/index.php,963,0,0
1784784216468,645,HTTP Request EC3,200,OK,NON GUI TestCases using csv fies 1-2,text,true,,20179,302,7,7,https://www.easycalculation.com/currency-converter/index.php,314,0,0
1784784216468,314,HTTP Request EC3-0,301,Moved Permanently,NON GUI TestCases using csv fies 1-2,text,true,,390,149,7,7,http://easycalculation.com/currency-converter/index.php,314,0,0
1784784216782,331,HTTP Request EC3-1,200,OK,NON GUI TestCases using csv fies 1-2,text,true,,19789,153,7,7,https://www.easycalculation.com/currency-converter/index.php,325,0,0
1784784216027,1235,HTTP Request EC3,200,OK,NON GUI TestCases using csv fies 1-9,text,true,,20179,302,7,7,https://www.easycalculation.com/currency-converter/index.php,507,0,0
1784784216027,507,HTTP Request EC3-0,301,Moved Permanently,NON GUI TestCases using csv fies 1-9,text,true,,390,149,7,7,http://easycalculation.com/currency-converter/index.php,507,0,0
1784784216535,727,HTTP Request EC3-1,200,OK,NON GUI TestCases using csv fies 1-9,text,true,,19789,153,7,7,https://www.easycalculation.com/currency-converter/index.php,727,0,0
1784784216796,701,HTTP Request EC3,200,OK,NON GUI TestCases using csv fies 1-1,text,true,,20179,302,7,7,https://www.easycalculation.com/currency-converter/index.php,317,0,0
1784784216796,317,HTTP Request EC3-0,301,Moved Permanently,NON GUI TestCases using csv fies 1-1,text,true,,390,149,7,7,http://easycalculation.com/currency-converter/index.php,317,0,0
1784784217114,383,HTTP Request EC3-1,200,OK,NON GUI TestCases using csv fies 1-1,text,true,,19789,153,7,7,https://www.easycalculation.com/currency-converter/index.php,383,0,0
1784784216509,1013, HTTP Request EC2,200,OK,NON GUI TestCases using csv fies 1-6,text,true,,24641,296,7,7,https://www.easycalculation.com/unit-conversion/index.php,365,0,0
1784784216509,365, HTTP Request EC2-0,301,Moved Permanently,NON GUI TestCases using csv fies 1-6,text,true,,387,146,7,7,http://easycalculation.com/unit-conversion/index.php,365,0,0
1784784216874,648, HTTP Request EC2-1,200,OK,NON GUI TestCases using csv fies 1-6,text,true,,24254,150,7,7,https://www.easycalculation.com/unit-conversion/index.php,623,0,0
1784784216536,1076, HTTP Request EC2,200,OK,NON GUI TestCases using csv fies 1-7,text,true,,24641,296,7,7,https://www.easycalculation.com/unit-conversion/index.php,335,0,0
1784784216536,335, HTTP Request EC2-0,301,Moved Permanently,NON GUI TestCases using csv fies 1-7,text,true,,387,146,7,7,http://easycalculation.com/unit-conversion/index.php,335,0,0
1784784216871,741, HTTP Request EC2-1,200,OK,NON GUI TestCases using csv fies 1-7,text,true,,24254,150,7,7,https://www.easycalculation.com/unit-conversion/index.php,682,0,0
1784784216676,990, HTTP Request EC2,200,OK,NON GUI TestCases using csv fies 1-10,text,true,,24641,296,7,7,https://www.easycalculation.com/unit-conversion/index.php,312,0,0
1784784216676,312, HTTP Request EC2-0,301,Moved Permanently,NON GUI TestCases using csv fies 1-10,text,true,,387,146,7,7,http://easycalculation.com/unit-conversion/index.php,312,0,0
1784784216988,678, HTTP Request EC2-1,200,OK,NON GUI TestCases using csv fies 1-10,text,true,,24254,150,7,7,https://www.easycalculation.com/unit-conversion/index.php,646,0,0
1784784217114,714,HTTP Request EC4,200,OK,NON GUI TestCases using csv fies 1-2,text,true,,21848,270,7,7,https://www.easycalculation.com/examples.php,296,0,0
1784784217114,296,HTTP Request EC4-0,301,Moved Permanently,NON GUI TestCases using csv fies 1-2,text,true,,374,133,7,7,http://easycalculation.com/examples.php,296,0,0
1784784217410,418,HTTP Request EC4-1,200,OK,NON GUI TestCases using csv fies 1-2,text,true,,21474,137,7,7,https://www.easycalculation.com/examples.php,415,0,0
1784784217523,943,HTTP Request EC3,200,OK,NON GUI TestCases using csv fies 1-6,text,true,,20179,302,7,7,https://www.easycalculation.com/currency-converter/index.php,337,0,0
1784784217523,337,HTTP Request EC3-0,301,Moved Permanently,NON GUI TestCases using csv fies 1-6,text,true,,390,149,7,7,http://easycalculation.com/currency-converter/index.php,337,0,0
1784784217860,606,HTTP Request EC3-1,200,OK,NON GUI TestCases using csv fies 1-6,text,true,,19789,153,7,7,https://www.easycalculation.com/currency-converter/index.php,606,0,0
1784784217497,969,HTTP Request EC4,200,OK,NON GUI TestCases using csv fies 1-1,text,true,,21848,270,7,7,https://www.easycalculation.com/examples.php,328,0,0
1784784217497,328,HTTP Request EC4-0,301,Moved Permanently,NON GUI TestCases using csv fies 1-1,text,true,,374,133,7,7,http://easycalculation.com/examples.php,328,0,0
1784784217825,641,HTTP Request EC4-1,200,OK,NON GUI TestCases using csv fies 1-1,text,true,,21474,137,7,7,https://www.easycalculation.com/examples.php,641,0,0
1784784217613,897,HTTP Request EC3,200,OK,NON GUI TestCases using csv fies 1-7,text,true,,20179,302,7,7,https://www.easycalculation.com/currency-converter/index.php,375,0,0
1784784217613,375,HTTP Request EC3-0,301,Moved Permanently,NON GUI TestCases using csv fies 1-7,text,true,,390,149,7,7,http://easycalculation.com/currency-converter/index.php,375,0,0
1784784217988,522,HTTP Request EC3-1,200,OK,NON GUI TestCases using csv fies 1-7,text,true,,19789,153,7,7,https://www.easycalculation.com/currency-converter/index.php,516,0,0
1784784217262,1248,HTTP Request EC4,200,OK,NON GUI TestCases using csv fies 1-9,text,true,,21848,270,7,7,https://www.easycalculation.com/examples.php,351,0,0
1784784217262,351,HTTP Request EC4-0,301,Moved Permanently,NON GUI TestCases using csv fies 1-9,text,true,,374,133,7,7,http://easycalculation.com/examples.php,351,0,0
1784784217613,897,HTTP Request EC4-1,200,OK,NON GUI TestCases using csv fies 1-9,text,true,,21474,137,7,7,https://www.easycalculation.com/examples.php,414,0,0
1784784217667,863,HTTP Request EC3,200,OK,NON GUI TestCases using csv fies 1-10,text,true,,20179,302,7,7,https://www.easycalculation.com/currency-converter/index.php,372,0,0
1784784217667,372,HTTP Request EC3-0,301,Moved Permanently,NON GUI TestCases using csv fies 1-10,text,true,,390,149,7,7,http://easycalculation.com/currency-converter/index.php,372,0,0
1784784218039,491,HTTP Request EC3-1,200,OK,NON GUI TestCases using csv fies 1-10,text,true,,19789,153,7,7,https://www.easycalculation.com/currency-converter/index.php,482,0,0
1784784216546,1990,HTTP Request PA3,200,OK,NON GUI TestCases using csv fies 1-8,text,true,,125040,274,7,7,https://practicetestautomation.com/practice/,120,0,0
1784784216546,126,HTTP Request PA3-0,301,Moved Permanently,NON GUI TestCases using csv fies 1-8,text,true,,1222,137,7,7,http://practicetestautomation.com/practice/,120,0,0
1784784216672,1864,HTTP Request PA3-1,200,OK,NON GUI TestCases using csv fies 1-8,text,true,,123818,137,7,7,https://practicetestautomation.com/practice/,1223,0,0
1784784217829,958,HTTP RequestEC5,200,OK,NON GUI TestCases using csv fies 1-2,text,true,,31978,288,7,7,https://www.easycalculation.com/charts-and-tables.php,528,0,0
1784784217829,528,HTTP RequestEC5-0,301,Moved Permanently,NON GUI TestCases using csv fies 1-2,text,true,,383,142,7,7,http://easycalculation.com/charts-and-tables.php,528,0,0
1784784218357,430,HTTP RequestEC5-1,200,OK,NON GUI TestCases using csv fies 1-2,text,true,,31595,146,7,7,https://www.easycalculation.com/charts-and-tables.php,356,0,0
1784784218467,684,HTTP RequestEC5,200,OK,NON GUI TestCases using csv fies 1-1,text,true,,31978,288,7,7,https://www.easycalculation.com/charts-and-tables.php,320,0,0
1784784218467,320,HTTP RequestEC5-0,301,Moved Permanently,NON GUI TestCases using csv fies 1-1,text,true,,383,142,7,7,http://easycalculation.com/charts-and-tables.php,320,0,0
1784784218787,364,HTTP RequestEC5-1,200,OK,NON GUI TestCases using csv fies 1-1,text,true,,31595,146,7,7,https://www.easycalculation.com/charts-and-tables.php,359,0,0
1784784218510,667,HTTP Request EC4,200,OK,NON GUI TestCases using csv fies 1-7,text,true,,21848,270,7,7,https://www.easycalculation.com/examples.php,308,0,0
1784784218510,308,HTTP Request EC4-0,301,Moved Permanently,NON GUI TestCases using csv fies 1-7,text,true,,374,133,7,7,http://easycalculation.com/examples.php,308,0,0
1784784218819,358,HTTP Request EC4-1,200,OK,NON GUI TestCases using csv fies 1-7,text,true,,21474,137,7,7,https://www.easycalculation.com/examples.php,340,0,0
1784784218466,772,HTTP Request EC4,200,OK,NON GUI TestCases using csv fies 1-6,text,true,,21848,270,7,7,https://www.easycalculation.com/examples.php,356,0,0
1784784218466,356,HTTP Request EC4-0,301,Moved Permanently,NON GUI TestCases using csv fies 1-6,text,true,,374,133,7,7,http://easycalculation.com/examples.php,356,0,0
1784784218822,416,HTTP Request EC4-1,200,OK,NON GUI TestCases using csv fies 1-6,text,true,,21474,137,7,7,https://www.easycalculation.com/examples.php,416,0,0
1784784218530,724,HTTP Request EC4,200,OK,NON GUI TestCases using csv fies 1-10,text,true,,21848,270,7,7,https://www.easycalculation.com/examples.php,338,0,0
1784784218530,338,HTTP Request EC4-0,301,Moved Permanently,NON GUI TestCases using csv fies 1-10,text,true,,374,133,7,7,http://easycalculation.com/examples.php,338,0,0
1784784218868,386,HTTP Request EC4-1,200,OK,NON GUI TestCases using csv fies 1-10,text,true,,21474,137,7,7,https://www.easycalculation.com/examples.php,381,0,0
1784784218787,733,HTTP Request EC6,200,OK,NON GUI TestCases using csv fies 1-2,text,true,,23541,282,7,7,https://www.easycalculation.com/formulas/index.php,368,0,0
1784784218787,369,HTTP Request EC6-0,301,Moved Permanently,NON GUI TestCases using csv fies 1-2,text,true,,380,139,7,7,http://easycalculation.com/formulas/index.php,368,0,0
1784784219156,364,HTTP Request EC6-1,200,OK,NON GUI TestCases using csv fies 1-2,text,true,,23161,143,7,7,https://www.easycalculation.com/formulas/index.php,359,0,0
1784784218511,1080,HTTP RequestEC5,200,OK,NON GUI TestCases using csv fies 1-9,text,true,,31978,288,6,6,https://www.easycalculation.com/charts-and-tables.php,311,0,0
1784784218511,311,HTTP RequestEC5-0,301,Moved Permanently,NON GUI TestCases using csv fies 1-9,text,true,,383,142,6,6,http://easycalculation.com/charts-and-tables.php,311,0,0
1784784218822,769,HTTP RequestEC5-1,200,OK,NON GUI TestCases using csv fies 1-9,text,true,,31595,146,6,6,https://www.easycalculation.com/charts-and-tables.php,755,0,0
1784784219153,676,HTTP Request EC6,200,OK,NON GUI TestCases using csv fies 1-1,text,true,,23541,282,6,6,https://www.easycalculation.com/formulas/index.php,316,0,0
1784784219153,316,HTTP Request EC6-0,301,Moved Permanently,NON GUI TestCases using csv fies 1-1,text,true,,380,139,6,6,http://easycalculation.com/formulas/index.php,316,0,0
1784784219469,360,HTTP Request EC6-1,200,OK,NON GUI TestCases using csv fies 1-1,text,true,,23161,143,6,6,https://www.easycalculation.com/formulas/index.php,352,0,0
1784784219178,690,HTTP RequestEC5,200,OK,NON GUI TestCases using csv fies 1-7,text,true,,31978,288,5,5,https://www.easycalculation.com/charts-and-tables.php,342,0,0
1784784219178,342,HTTP RequestEC5-0,301,Moved Permanently,NON GUI TestCases using csv fies 1-7,text,true,,383,142,5,5,http://easycalculation.com/charts-and-tables.php,342,0,0
1784784219520,348,HTTP RequestEC5-1,200,OK,NON GUI TestCases using csv fies 1-7,text,true,,31595,146,5,5,https://www.easycalculation.com/charts-and-tables.php,323,0,0
1784784219255,678,HTTP RequestEC5,200,OK,NON GUI TestCases using csv fies 1-10,text,true,,31978,288,5,5,https://www.easycalculation.com/charts-and-tables.php,317,0,0
1784784219255,317,HTTP RequestEC5-0,301,Moved Permanently,NON GUI TestCases using csv fies 1-10,text,true,,383,142,5,5,http://easycalculation.com/charts-and-tables.php,317,0,0
1784784219573,360,HTTP RequestEC5-1,200,OK,NON GUI TestCases using csv fies 1-10,text,true,,31595,146,5,5,https://www.easycalculation.com/charts-and-tables.php,339,0,0
1784784219238,751,HTTP RequestEC5,200,OK,NON GUI TestCases using csv fies 1-6,text,true,,31978,288,5,5,https://www.easycalculation.com/charts-and-tables.php,353,0,0
1784784219238,353,HTTP RequestEC5-0,301,Moved Permanently,NON GUI TestCases using csv fies 1-6,text,true,,383,142,5,5,http://easycalculation.com/charts-and-tables.php,353,0,0
1784784219591,398,HTTP RequestEC5-1,200,OK,NON GUI TestCases using csv fies 1-6,text,true,,31595,146,5,5,https://www.easycalculation.com/charts-and-tables.php,398,0,0
1784784218536,1650,HTTP Request PA2,200,OK,NON GUI TestCases using csv fies 1-8,text,true,,160583,272,5,5,https://practicetestautomation.com/courses/,177,0,0
1784784218536,177,HTTP Request PA2-0,301,Moved Permanently,NON GUI TestCases using csv fies 1-8,text,true,,1225,136,5,5,http://practicetestautomation.com/courses/,177,0,0
1784784218713,1473,HTTP Request PA2-1,200,OK,NON GUI TestCases using csv fies 1-8,text,true,,159358,136,5,5,https://practicetestautomation.com/courses/,1276,0,0
1784784220186,0,,Non HTTP response code: java.net.MalformedURLException,Non HTTP response message: Illegal character found in host: '/',NON GUI TestCases using csv fies 1-8,text,false,,875,0,5,5,null,0,0,0
1784784219868,745,HTTP Request EC6,200,OK,NON GUI TestCases using csv fies 1-7,text,true,,23541,282,5,5,https://www.easycalculation.com/formulas/index.php,318,0,0
1784784219868,318,HTTP Request EC6-0,301,Moved Permanently,NON GUI TestCases using csv fies 1-7,text,true,,380,139,5,5,http://easycalculation.com/formulas/index.php,318,0,0
1784784220186,427,HTTP Request EC6-1,200,OK,NON GUI TestCases using csv fies 1-7,text,true,,23161,143,5,5,https://www.easycalculation.com/formulas/index.php,412,0,0
1784784219933,693,HTTP Request EC6,200,OK,NON GUI TestCases using csv fies 1-10,text,true,,23541,282,4,4,https://www.easycalculation.com/formulas/index.php,307,0,0
1784784219933,307,HTTP Request EC6-0,301,Moved Permanently,NON GUI TestCases using csv fies 1-10,text,true,,380,139,4,4,http://easycalculation.com/formulas/index.php,307,0,0
1784784220240,386,HTTP Request EC6-1,200,OK,NON GUI TestCases using csv fies 1-10,text,true,,23161,143,4,4,https://www.easycalculation.com/formulas/index.php,383,0,0
1784784219989,688,HTTP Request EC6,200,OK,NON GUI TestCases using csv fies 1-6,text,true,,23541,282,3,3,https://www.easycalculation.com/formulas/index.php,349,0,0
1784784219592,1085,HTTP Request EC6,200,OK,NON GUI TestCases using csv fies 1-9,text,true,,23541,282,3,3,https://www.easycalculation.com/formulas/index.php,397,0,0
1784784219989,349,HTTP Request EC6-0,301,Moved Permanently,NON GUI TestCases using csv fies 1-6,text,true,,380,139,3,3,http://easycalculation.com/formulas/index.php,349,0,0
1784784219592,397,HTTP Request EC6-0,301,Moved Permanently,NON GUI TestCases using csv fies 1-9,text,true,,380,139,3,3,http://easycalculation.com/formulas/index.php,397,0,0
1784784220338,339,HTTP Request EC6-1,200,OK,NON GUI TestCases using csv fies 1-6,text,true,,23161,143,3,3,https://www.easycalculation.com/formulas/index.php,333,0,0
1784784219989,688,HTTP Request EC6-1,200,OK,NON GUI TestCases using csv fies 1-9,text,true,,23161,143,3,3,https://www.easycalculation.com/formulas/index.php,646,0,0
1784784220677,782,HTTP Request easycal,200,OK,NON GUI TestCases using csv fies 1-6,text,true,,58970,272,3,3,https://www.easycalculation.com/faq/index.php,346,0,0
1784784220677,346,HTTP Request easycal-0,301,Moved Permanently,NON GUI TestCases using csv fies 1-6,text,true,,375,134,3,3,http://easycalculation.com/faq/index.php,346,0,0
1784784221023,436,HTTP Request easycal-1,200,OK,NON GUI TestCases using csv fies 1-6,text,true,,58595,138,3,3,https://www.easycalculation.com/faq/index.php,365,0,0
1784784220186,1957, HTTP Request EC2,200,OK,NON GUI TestCases using csv fies 1-8,text,true,,24641,296,3,3,https://www.easycalculation.com/unit-conversion/index.php,592,0,309
1784784220186,592, HTTP Request EC2-0,301,Moved Permanently,NON GUI TestCases using csv fies 1-8,text,true,,387,146,3,3,http://easycalculation.com/unit-conversion/index.php,592,0,309
1784784220778,1365, HTTP Request EC2-1,200,OK,NON GUI TestCases using csv fies 1-8,text,true,,24254,150,3,3,https://www.easycalculation.com/unit-conversion/index.php,1325,0,690
1784784220677,1939,HTTP Request easycal,200,OK,NON GUI TestCases using csv fies 1-9,text,true,,58970,272,3,3,https://www.easycalculation.com/faq/index.php,328,0,0
1784784220677,328,HTTP Request easycal-0,301,Moved Permanently,NON GUI TestCases using csv fies 1-9,text,true,,375,134,3,3,http://easycalculation.com/faq/index.php,328,0,0
1784784221005,1611,HTTP Request easycal-1,200,OK,NON GUI TestCases using csv fies 1-9,text,true,,58595,138,3,3,https://www.easycalculation.com/faq/index.php,793,0,0
1784784222142,729,HTTP Request EC3,200,OK,NON GUI TestCases using csv fies 1-8,text,true,,20179,302,3,3,https://www.easycalculation.com/currency-converter/index.php,287,0,0
1784784222142,287,HTTP Request EC3-0,301,Moved Permanently,NON GUI TestCases using csv fies 1-8,text,true,,390,149,3,3,http://easycalculation.com/currency-converter/index.php,287,0,0
1784784222429,442,HTTP Request EC3-1,200,OK,NON GUI TestCases using csv fies 1-8,text,true,,19789,153,3,3,https://www.easycalculation.com/currency-converter/index.php,365,0,0
1784784221458,1774,HTTP Request practiceautomation,200,OK,NON GUI TestCases using csv fies 1-6,text,true,,123427,296,3,3,https://practicetestautomation.com/practice-test-login/,153,0,0
1784784221458,153,HTTP Request practiceautomation-0,301,Moved Permanently,NON GUI TestCases using csv fies 1-6,text,true,,1396,148,3,3,http://practicetestautomation.com/practice-test-login/,153,0,0
1784784221611,1621,HTTP Request practiceautomation-1,200,OK,NON GUI TestCases using csv fies 1-6,text,true,,122031,148,3,3,https://practicetestautomation.com/practice-test-login/,1489,0,0
1784784222871,734,HTTP Request EC4,200,OK,NON GUI TestCases using csv fies 1-8,text,true,,21848,270,3,3,https://www.easycalculation.com/examples.php,343,0,0
1784784222871,343,HTTP Request EC4-0,301,Moved Permanently,NON GUI TestCases using csv fies 1-8,text,true,,374,133,3,3,http://easycalculation.com/examples.php,343,0,0
1784784223214,391,HTTP Request EC4-1,200,OK,NON GUI TestCases using csv fies 1-8,text,true,,21474,137,3,3,https://www.easycalculation.com/examples.php,391,0,0
1784784223232,798,HTTP Request PA3,200,OK,NON GUI TestCases using csv fies 1-6,text,true,,125194,274,3,3,https://practicetestautomation.com/practice/,141,0,0
1784784223232,144,HTTP Request PA3-0,301,Moved Permanently,NON GUI TestCases using csv fies 1-6,text,true,,1375,137,3,3,http://practicetestautomation.com/practice/,141,0,0
1784784223377,653,HTTP Request PA3-1,200,OK,NON GUI TestCases using csv fies 1-6,text,true,,123819,137,3,3,https://practicetestautomation.com/practice/,551,0,0
1784784222615,1620,HTTP Request practiceautomation,200,OK,NON GUI TestCases using csv fies 1-9,text,true,,123417,296,3,3,https://practicetestautomation.com/practice-test-login/,117,0,0
1784784222615,117,HTTP Request practiceautomation-0,301,Moved Permanently,NON GUI TestCases using csv fies 1-9,text,true,,1388,148,3,3,http://practicetestautomation.com/practice-test-login/,117,0,0
1784784222732,1503,HTTP Request practiceautomation-1,200,OK,NON GUI TestCases using csv fies 1-9,text,true,,122029,148,3,3,https://practicetestautomation.com/practice-test-login/,1344,0,0
1784784223605,665,HTTP RequestEC5,200,OK,NON GUI TestCases using csv fies 1-8,text,true,,31978,288,3,3,https://www.easycalculation.com/charts-and-tables.php,323,0,0
1784784223605,323,HTTP RequestEC5-0,301,Moved Permanently,NON GUI TestCases using csv fies 1-8,text,true,,383,142,3,3,http://easycalculation.com/charts-and-tables.php,323,0,0
1784784223928,342,HTTP RequestEC5-1,200,OK,NON GUI TestCases using csv fies 1-8,text,true,,31595,146,3,3,https://www.easycalculation.com/charts-and-tables.php,326,0,0
1784784224270,677,HTTP Request EC6,200,OK,NON GUI TestCases using csv fies 1-8,text,true,,23541,282,3,3,https://www.easycalculation.com/formulas/index.php,304,0,0
1784784224270,304,HTTP Request EC6-0,301,Moved Permanently,NON GUI TestCases using csv fies 1-8,text,true,,380,139,3,3,http://easycalculation.com/formulas/index.php,304,0,0
1784784224574,373,HTTP Request EC6-1,200,OK,NON GUI TestCases using csv fies 1-8,text,true,,23161,143,3,3,https://www.easycalculation.com/formulas/index.php,356,0,0
1784784224030,1243,HTTP Request PA2,200,OK,NON GUI TestCases using csv fies 1-6,text,true,,160739,272,2,2,https://practicetestautomation.com/courses/,163,0,0
1784784224030,163,HTTP Request PA2-0,301,Moved Permanently,NON GUI TestCases using csv fies 1-6,text,true,,1376,136,2,2,http://practicetestautomation.com/courses/,163,0,0
1784784224193,1080,HTTP Request PA2-1,200,OK,NON GUI TestCases using csv fies 1-6,text,true,,159363,136,2,2,https://practicetestautomation.com/courses/,762,0,0
1784784225273,0,,Non HTTP response code: java.net.MalformedURLException,Non HTTP response message: Illegal character found in host: '/',NON GUI TestCases using csv fies 1-6,text,false,,875,0,2,2,null,0,0,0
1784784224235,1067,HTTP Request PA3,200,OK,NON GUI TestCases using csv fies 1-9,text,true,,125204,274,2,2,https://practicetestautomation.com/practice/,105,0,0
1784784224235,105,HTTP Request PA3-0,301,Moved Permanently,NON GUI TestCases using csv fies 1-9,text,true,,1385,137,2,2,http://practicetestautomation.com/practice/,105,0,0
1784784224340,962,HTTP Request PA3-1,200,OK,NON GUI TestCases using csv fies 1-9,text,true,,123819,137,2,2,https://practicetestautomation.com/practice/,685,0,0
1784784225303,763,HTTP Request PA2,200,OK,NON GUI TestCases using csv fies 1-9,text,true,,160739,272,2,2,https://practicetestautomation.com/courses/,118,0,0
1784784225303,122,HTTP Request PA2-0,301,Moved Permanently,NON GUI TestCases using csv fies 1-9,text,true,,1374,136,2,2,http://practicetestautomation.com/courses/,118,0,0
1784784225425,641,HTTP Request PA2-1,200,OK,NON GUI TestCases using csv fies 1-9,text,true,,159365,136,2,2,https://practicetestautomation.com/courses/,482,0,0
1784784226067,0,,Non HTTP response code: java.net.MalformedURLException,Non HTTP response message: Illegal character found in host: '/',NON GUI TestCases using csv fies 1-9,text,false,,875,0,2,2,null,0,0,0
1784784225274,1067, HTTP Request EC2,200,OK,NON GUI TestCases using csv fies 1-6,text,true,,24641,296,2,2,https://www.easycalculation.com/unit-conversion/index.php,346,0,0
1784784225274,346, HTTP Request EC2-0,301,Moved Permanently,NON GUI TestCases using csv fies 1-6,text,true,,387,146,2,2,http://easycalculation.com/unit-conversion/index.php,346,0,0
1784784225620,721, HTTP Request EC2-1,200,OK,NON GUI TestCases using csv fies 1-6,text,true,,24254,150,2,2,https://www.easycalculation.com/unit-conversion/index.php,674,0,0
1784784226067,1367, HTTP Request EC2,200,OK,NON GUI TestCases using csv fies 1-9,text,true,,24641,296,2,2,https://www.easycalculation.com/unit-conversion/index.php,581,0,274
1784784226067,581, HTTP Request EC2-0,301,Moved Permanently,NON GUI TestCases using csv fies 1-9,text,true,,387,146,2,2,http://easycalculation.com/unit-conversion/index.php,581,0,274
1784784226649,785, HTTP Request EC2-1,200,OK,NON GUI TestCases using csv fies 1-9,text,true,,24254,150,2,2,https://www.easycalculation.com/unit-conversion/index.php,779,0,0
1784784226341,1094,HTTP Request EC3,200,OK,NON GUI TestCases using csv fies 1-6,text,true,,20179,302,2,2,https://www.easycalculation.com/currency-converter/index.php,357,0,0
1784784226341,357,HTTP Request EC3-0,301,Moved Permanently,NON GUI TestCases using csv fies 1-6,text,true,,390,149,2,2,http://easycalculation.com/currency-converter/index.php,357,0,0
1784784226699,736,HTTP Request EC3-1,200,OK,NON GUI TestCases using csv fies 1-6,text,true,,19789,153,2,2,https://www.easycalculation.com/currency-converter/index.php,736,0,0
1784784227435,945,HTTP Request EC4,200,OK,NON GUI TestCases using csv fies 1-6,text,true,,21848,270,2,2,https://www.easycalculation.com/examples.php,339,0,0
1784784227435,339,HTTP Request EC4-0,301,Moved Permanently,NON GUI TestCases using csv fies 1-6,text,true,,374,133,2,2,http://easycalculation.com/examples.php,339,0,0
1784784227774,606,HTTP Request EC4-1,200,OK,NON GUI TestCases using csv fies 1-6,text,true,,21474,137,2,2,https://www.easycalculation.com/examples.php,341,0,0
1784784227435,1538,HTTP Request EC3,200,OK,NON GUI TestCases using csv fies 1-9,text,true,,20179,302,2,2,https://www.easycalculation.com/currency-converter/index.php,294,0,0
1784784227435,294,HTTP Request EC3-0,301,Moved Permanently,NON GUI TestCases using csv fies 1-9,text,true,,390,149,2,2,http://easycalculation.com/currency-converter/index.php,294,0,0
1784784227729,1244,HTTP Request EC3-1,200,OK,NON GUI TestCases using csv fies 1-9,text,true,,19789,153,2,2,https://www.easycalculation.com/currency-converter/index.php,1241,0,607
1784784228380,1048,HTTP RequestEC5,200,OK,NON GUI TestCases using csv fies 1-6,text,true,,31978,288,2,2,https://www.easycalculation.com/charts-and-tables.php,351,0,0
1784784228380,351,HTTP RequestEC5-0,301,Moved Permanently,NON GUI TestCases using csv fies 1-6,text,true,,383,142,2,2,http://easycalculation.com/charts-and-tables.php,351,0,0
1784784228732,696,HTTP RequestEC5-1,200,OK,NON GUI TestCases using csv fies 1-6,text,true,,31595,146,2,2,https://www.easycalculation.com/charts-and-tables.php,375,0,0
1784784228974,664,HTTP Request EC4,200,OK,NON GUI TestCases using csv fies 1-9,text,true,,21848,270,2,2,https://www.easycalculation.com/examples.php,286,0,0
1784784228974,286,HTTP Request EC4-0,301,Moved Permanently,NON GUI TestCases using csv fies 1-9,text,true,,374,133,2,2,http://easycalculation.com/examples.php,286,0,0
1784784229260,378,HTTP Request EC4-1,200,OK,NON GUI TestCases using csv fies 1-9,text,true,,21474,137,2,2,https://www.easycalculation.com/examples.php,378,0,0
1784784229429,683,HTTP Request EC6,200,OK,NON GUI TestCases using csv fies 1-6,text,true,,23541,282,2,2,https://www.easycalculation.com/formulas/index.php,349,0,0
1784784229429,349,HTTP Request EC6-0,301,Moved Permanently,NON GUI TestCases using csv fies 1-6,text,true,,380,139,2,2,http://easycalculation.com/formulas/index.php,349,0,0
1784784229778,334,HTTP Request EC6-1,200,OK,NON GUI TestCases using csv fies 1-6,text,true,,23161,143,2,2,https://www.easycalculation.com/formulas/index.php,333,0,0
1784784229638,678,HTTP RequestEC5,200,OK,NON GUI TestCases using csv fies 1-9,text,true,,31978,288,1,1,https://www.easycalculation.com/charts-and-tables.php,292,0,0
1784784229638,293,HTTP RequestEC5-0,301,Moved Permanently,NON GUI TestCases using csv fies 1-9,text,true,,383,142,1,1,http://easycalculation.com/charts-and-tables.php,292,0,0
1784784229931,385,HTTP RequestEC5-1,200,OK,NON GUI TestCases using csv fies 1-9,text,true,,31595,146,1,1,https://www.easycalculation.com/charts-and-tables.php,369,0,0
1784784230316,637,HTTP Request EC6,200,OK,NON GUI TestCases using csv fies 1-9,text,true,,23541,282,1,1,https://www.easycalculation.com/formulas/index.php,284,0,0
1784784230316,284,HTTP Request EC6-0,301,Moved Permanently,NON GUI TestCases using csv fies 1-9,text,true,,380,139,1,1,http://easycalculation.com/formulas/index.php,284,0,0
1784784230601,352,HTTP Request EC6-1,200,OK,NON GUI TestCases using csv fies 1-9,text,true,,23161,143,1,1,https://www.easycalculation.com/formulas/index.php,352,0,0
